scan_index,rf_offset_mm,corrector,plane,offset_k,file,dpp_relative,dpp_expected
0,0.0,logical.BR3.DHZ8L1/K,x,0.0,/home/jmgray/mnt/user/psbop/MultiTurn/2026_08_28_Multiturn/inverted_tunes/loco/0mm/MULTITURN_ACQ__28-08-26_11-32-42.sdds,7.095810020750583e-06,0.0
1,0.0,logical.BR3.DHZ8L1/K,x,7.5e-05,/home/jmgray/mnt/user/psbop/MultiTurn/2026_08_28_Multiturn/inverted_tunes/loco/0mm/MULTITURN_ACQ__28-08-26_11-32-53.sdds,7.262960661638213e-06,0.0
2,0.0,logical.BR3.DHZ8L1/K,x,-7.5e-05,/home/jmgray/mnt/user/psbop/MultiTurn/2026_08_28_Multiturn/inverted_tunes/loco/0mm/MULTITURN_ACQ__28-08-26_11-33-12.sdds,-2.0834087741544957e-05,0.0
3,0.0,logical.BR3.DHZ8L1/K,x,0.00015,/home/jmgray/mnt/user/psbop/MultiTurn/2026_08_28_Multiturn/inverted_tunes/loco/0mm/MULTITURN_ACQ__28-08-26_11-33-23.sdds,-1.1634683189420568e-05,0.0
4,0.0,logical.BR3.DHZ8L1/K,x,-0.00015,/home/jmgray/mnt/user/psbop/MultiTurn/2026_08_28_Multiturn/inverted_tunes/loco/0mm/MULTITURN_ACQ__28-08-26_11-33-45.sdds,-2.454950086448173e-06,0.0
5,0.0,logical.BR3.DHZ8L1/K,x,0.0,/home/jmgray/mnt/user/psbop/MultiTurn/2026_08_28_Multiturn/inverted_tunes/loco/0mm/MULTITURN_ACQ__28-08-26_11-33-56.sdds,1.4701118954936323e-05,0.0
6,0.0,logical.BR3.DHZ9L1/K,x,0.0,/home/jmgray/mnt/user/psbop/MultiTurn/2026_08_28_Multiturn/inverted_tunes/loco/0mm/MULTITURN_ACQ__28-08-26_11-34-15.sdds,3.4944747248250456e-06,0.0
7,0.0,logical.BR3.DHZ9L1/K,x,7.5e-05,/home/jmgray/mnt/user/psbop/MultiTurn/2026_08_28_Multiturn/inverted_tunes/loco/0mm/MULTITURN_ACQ__28-08-26_11-34-26.sdds,2.878294449292841e-05,0.0
8,0.0,logical.BR3.DHZ9L1/K,x,-7.5e-05,/home/jmgray/mnt/user/psbop/MultiTurn/2026_08_28_Multiturn/inverted_tunes/loco/0mm/MULTITURN_ACQ__28-08-26_11-34-47.sdds,-3.407250726034751e-05,0.0
9,0.0,logical.BR3.DHZ9L1/K,x,0.00015,/home/jmgray/mnt/user/psbop/MultiTurn/2026_08_28_Multiturn/inverted_tunes/loco/0mm/MULTITURN_ACQ__28-08-26_11-34-58.sdds,2.8808018253477823e-05,0.0
10,0.0,logical.BR3.DHZ9L1/K,x,-0.00015,/home/jmgray/mnt/user/psbop/MultiTurn/2026_08_28_Multiturn/inverted_tunes/loco/0mm/MULTITURN_ACQ__28-08-26_11-35-17.sdds,-4.522370497622282e-05,0.0
11,0.0,logical.BR3.DHZ9L1/K,x,0.0,/home/jmgray/mnt/user/psbop/MultiTurn/2026_08_28_Multiturn/inverted_tunes/loco/0mm/MULTITURN_ACQ__28-08-26_11-35-28.sdds,-2.580896168189882e-05,0.0
12,0.0,logical.BR3.DHZ11L4/K,x,0.0,/home/jmgray/mnt/user/psbop/MultiTurn/2026_08_28_Multiturn/inverted_tunes/loco/0mm/MULTITURN_ACQ__28-08-26_11-35-50.sdds,6.311570021103687e-06,0.0
13,0.0,logical.BR3.DHZ11L4/K,x,7.5e-05,/home/jmgray/mnt/user/psbop/MultiTurn/2026_08_28_Multiturn/inverted_tunes/loco/0mm/MULTITURN_ACQ__28-08-26_11-36-00.sdds,-4.417746996623458e-05,0.0
14,0.0,logical.BR3.DHZ11L4/K,x,-7.5e-05,/home/jmgray/mnt/user/psbop/MultiTurn/2026_08_28_Multiturn/inverted_tunes/loco/0mm/MULTITURN_ACQ__28-08-26_11-36-20.sdds,-1.3877439318203087e-06,0.0
15,0.0,logical.BR3.DHZ11L4/K,x,0.00015,/home/jmgray/mnt/user/psbop/MultiTurn/2026_08_28_Multiturn/inverted_tunes/loco/0mm/MULTITURN_ACQ__28-08-26_11-36-30.sdds,-2.9058994231094326e-05,0.0
16,0.0,logical.BR3.DHZ11L4/K,x,-0.00015,/home/jmgray/mnt/user/psbop/MultiTurn/2026_08_28_Multiturn/inverted_tunes/loco/0mm/MULTITURN_ACQ__28-08-26_11-36-52.sdds,5.513823727688077e-06,0.0
17,0.0,logical.BR3.DHZ11L4/K,x,0.0,/home/jmgray/mnt/user/psbop/MultiTurn/2026_08_28_Multiturn/inverted_tunes/loco/0mm/MULTITURN_ACQ__28-08-26_11-37-03.sdds,-7.26607525056682e-06,0.0
18,0.0,logical.BR3.DHZ12L4/K,x,0.0,/home/jmgray/mnt/user/psbop/MultiTurn/2026_08_28_Multiturn/inverted_tunes/loco/0mm/MULTITURN_ACQ__28-08-26_11-37-22.sdds,-8.440512634251375e-07,0.0
19,0.0,logical.BR3.DHZ12L4/K,x,7.5e-05,/home/jmgray/mnt/user/psbop/MultiTurn/2026_08_28_Multiturn/inverted_tunes/loco/0mm/MULTITURN_ACQ__28-08-26_11-37-33.sdds,-2.282465181038169e-05,0.0
20,0.0,logical.BR3.DHZ12L4/K,x,-7.5e-05,/home/jmgray/mnt/user/psbop/MultiTurn/2026_08_28_Multiturn/inverted_tunes/loco/0mm/MULTITURN_ACQ__28-08-26_11-37-54.sdds,-2.7239291749293653e-05,0.0
21,0.0,logical.BR3.DHZ12L4/K,x,0.00015,/home/jmgray/mnt/user/psbop/MultiTurn/2026_08_28_Multiturn/inverted_tunes/loco/0mm/MULTITURN_ACQ__28-08-26_11-38-05.sdds,-1.2617053600909162e-05,0.0
22,0.0,logical.BR3.DHZ12L4/K,x,-0.00015,/home/jmgray/mnt/user/psbop/MultiTurn/2026_08_28_Multiturn/inverted_tunes/loco/0mm/MULTITURN_ACQ__28-08-26_11-38-24.sdds,2.3695118962720813e-06,0.0
23,0.0,logical.BR3.DHZ12L4/K,x,0.0,/home/jmgray/mnt/user/psbop/MultiTurn/2026_08_28_Multiturn/inverted_tunes/loco/0mm/MULTITURN_ACQ__28-08-26_11-38-35.sdds,-1.5323088270587473e-05,0.0
24,0.0,logical.BR3.DHZ13L4/K,x,0.0,/home/jmgray/mnt/user/psbop/MultiTurn/2026_08_28_Multiturn/inverted_tunes/loco/0mm/MULTITURN_ACQ__28-08-26_11-38-57.sdds,-8.02377122687595e-06,0.0
25,0.0,logical.BR3.DHZ13L4/K,x,7.5e-05,/home/jmgray/mnt/user/psbop/MultiTurn/2026_08_28_Multiturn/inverted_tunes/loco/0mm/MULTITURN_ACQ__28-08-26_11-39-08.sdds,2.579888921196434e-06,0.0
26,0.0,logical.BR3.DHZ13L4/K,x,-7.5e-05,/home/jmgray/mnt/user/psbop/MultiTurn/2026_08_28_Multiturn/inverted_tunes/loco/0mm/MULTITURN_ACQ__28-08-26_11-39-27.sdds,4.719087619162444e-05,0.0
27,0.0,logical.BR3.DHZ13L4/K,x,0.00015,/home/jmgray/mnt/user/psbop/MultiTurn/2026_08_28_Multiturn/inverted_tunes/loco/0mm/MULTITURN_ACQ__28-08-26_11-39-38.sdds,-8.582763023764181e-05,0.0
28,0.0,logical.BR3.DHZ13L4/K,x,-0.00015,/home/jmgray/mnt/user/psbop/MultiTurn/2026_08_28_Multiturn/inverted_tunes/loco/0mm/MULTITURN_ACQ__28-08-26_11-39-59.sdds,5.8110372601425256e-05,0.0
29,0.0,logical.BR3.DHZ13L4/K,x,0.0,/home/jmgray/mnt/user/psbop/MultiTurn/2026_08_28_Multiturn/inverted_tunes/loco/0mm/MULTITURN_ACQ__28-08-26_11-40-10.sdds,-9.890458309610246e-06,0.0
30,0.0,logical.BR3.DHZ14L1/K,x,0.0,/home/jmgray/mnt/user/psbop/MultiTurn/2026_08_28_Multiturn/inverted_tunes/loco/0mm/MULTITURN_ACQ__28-08-26_11-40-29.sdds,-5.521953251521408e-06,0.0
31,0.0,logical.BR3.DHZ14L1/K,x,7.5e-05,/home/jmgray/mnt/user/psbop/MultiTurn/2026_08_28_Multiturn/inverted_tunes/loco/0mm/MULTITURN_ACQ__28-08-26_11-40-40.sdds,-2.2715277279836677e-05,0.0
32,0.0,logical.BR3.DHZ14L1/K,x,-7.5e-05,/home/jmgray/mnt/user/psbop/MultiTurn/2026_08_28_Multiturn/inverted_tunes/loco/0mm/MULTITURN_ACQ__28-08-26_11-41-02.sdds,3.3717211373439526e-05,0.0
33,0.0,logical.BR3.DHZ14L1/K,x,0.00015,/home/jmgray/mnt/user/psbop/MultiTurn/2026_08_28_Multiturn/inverted_tunes/loco/0mm/MULTITURN_ACQ__28-08-26_11-41-12.sdds,-4.9202122612848295e-05,0.0
34,0.0,logical.BR3.DHZ14L1/K,x,-0.00015,/home/jmgray/mnt/user/psbop/MultiTurn/2026_08_28_Multiturn/inverted_tunes/loco/0mm/MULTITURN_ACQ__28-08-26_11-41-32.sdds,2.0505833824312047e-05,0.0
35,0.0,logical.BR3.DHZ14L1/K,x,0.0,/home/jmgray/mnt/user/psbop/MultiTurn/2026_08_28_Multiturn/inverted_tunes/loco/0mm/MULTITURN_ACQ__28-08-26_11-41-42.sdds,2.567048715318827e-05,0.0
36,0.0,logical.BR3.DVT2L4/K,y,0.0,/home/jmgray/mnt/user/psbop/MultiTurn/2026_08_28_Multiturn/inverted_tunes/loco/0mm/MULTITURN_ACQ__28-08-26_11-42-04.sdds,1.839318723484887e-05,0.0
37,0.0,logical.BR3.DVT2L4/K,y,7.5e-05,/home/jmgray/mnt/user/psbop/MultiTurn/2026_08_28_Multiturn/inverted_tunes/loco/0mm/MULTITURN_ACQ__28-08-26_11-42-15.sdds,1.2149675257372884e-05,0.0
38,0.0,logical.BR3.DVT2L4/K,y,-7.5e-05,/home/jmgray/mnt/user/psbop/MultiTurn/2026_08_28_Multiturn/inverted_tunes/loco/0mm/MULTITURN_ACQ__28-08-26_11-42-34.sdds,4.384453729214457e-07,0.0
39,0.0,logical.BR3.DVT2L4/K,y,0.00015,/home/jmgray/mnt/user/psbop/MultiTurn/2026_08_28_Multiturn/inverted_tunes/loco/0mm/MULTITURN_ACQ__28-08-26_11-42-45.sdds,6.389825289372271e-07,0.0
40,0.0,logical.BR3.DVT2L4/K,y,-0.00015,/home/jmgray/mnt/user/psbop/MultiTurn/2026_08_28_Multiturn/inverted_tunes/loco/0mm/MULTITURN_ACQ__28-08-26_11-43-06.sdds,-9.920624080087516e-06,0.0
41,0.0,logical.BR3.DVT2L4/K,y,0.0,/home/jmgray/mnt/user/psbop/MultiTurn/2026_08_28_Multiturn/inverted_tunes/loco/0mm/MULTITURN_ACQ__28-08-26_11-43-17.sdds,6.885789124076911e-06,0.0
42,0.0,logical.BR3.DVT6L4/K,y,0.0,/home/jmgray/mnt/user/psbop/MultiTurn/2026_08_28_Multiturn/inverted_tunes/loco/0mm/MULTITURN_ACQ__28-08-26_11-43-36.sdds,1.3931569984648729e-05,0.0
43,0.0,logical.BR3.DVT6L4/K,y,7.5e-05,/home/jmgray/mnt/user/psbop/MultiTurn/2026_08_28_Multiturn/inverted_tunes/loco/0mm/MULTITURN_ACQ__28-08-26_11-43-47.sdds,4.973317272898346e-06,0.0
44,0.0,logical.BR3.DVT6L4/K,y,-7.5e-05,/home/jmgray/mnt/user/psbop/MultiTurn/2026_08_28_Multiturn/inverted_tunes/loco/0mm/MULTITURN_ACQ__28-08-26_11-44-09.sdds,2.9649795040783354e-05,0.0
45,0.0,logical.BR3.DVT6L4/K,y,0.00015,/home/jmgray/mnt/user/psbop/MultiTurn/2026_08_28_Multiturn/inverted_tunes/loco/0mm/MULTITURN_ACQ__28-08-26_11-44-20.sdds,-1.3631185537152672e-05,0.0
46,0.0,logical.BR3.DVT6L4/K,y,-0.00015,/home/jmgray/mnt/user/psbop/MultiTurn/2026_08_28_Multiturn/inverted_tunes/loco/0mm/MULTITURN_ACQ__28-08-26_11-44-39.sdds,-1.1635809808852364e-05,0.0
47,0.0,logical.BR3.DVT6L4/K,y,0.0,/home/jmgray/mnt/user/psbop/MultiTurn/2026_08_28_Multiturn/inverted_tunes/loco/0mm/MULTITURN_ACQ__28-08-26_11-44-50.sdds,-8.390063348394916e-06,0.0
48,0.0,logical.BR3.DVT8L1/K,y,0.0,/home/jmgray/mnt/user/psbop/MultiTurn/2026_08_28_Multiturn/inverted_tunes/loco/0mm/MULTITURN_ACQ__28-08-26_11-45-11.sdds,-1.839261503120557e-05,0.0
49,0.0,logical.BR3.DVT8L1/K,y,7.5e-05,/home/jmgray/mnt/user/psbop/MultiTurn/2026_08_28_Multiturn/inverted_tunes/loco/0mm/MULTITURN_ACQ__28-08-26_11-45-22.sdds,-1.339724597420002e-05,0.0
50,0.0,logical.BR3.DVT8L1/K,y,-7.5e-05,/home/jmgray/mnt/user/psbop/MultiTurn/2026_08_28_Multiturn/inverted_tunes/loco/0mm/MULTITURN_ACQ__28-08-26_11-45-41.sdds,1.5099258975923902e-05,0.0
51,0.0,logical.BR3.DVT8L1/K,y,0.00015,/home/jmgray/mnt/user/psbop/MultiTurn/2026_08_28_Multiturn/inverted_tunes/loco/0mm/MULTITURN_ACQ__28-08-26_11-45-52.sdds,4.012301813138012e-06,0.0
52,0.0,logical.BR3.DVT8L1/K,y,-0.00015,/home/jmgray/mnt/user/psbop/MultiTurn/2026_08_28_Multiturn/inverted_tunes/loco/0mm/MULTITURN_ACQ__28-08-26_11-46-14.sdds,1.4993076313650852e-05,0.0
53,0.0,logical.BR3.DVT8L1/K,y,0.0,/home/jmgray/mnt/user/psbop/MultiTurn/2026_08_28_Multiturn/inverted_tunes/loco/0mm/MULTITURN_ACQ__28-08-26_11-46-24.sdds,-2.206459648772505e-05,0.0
54,0.0,logical.BR3.DVT9L1/K,y,0.0,/home/jmgray/mnt/user/psbop/MultiTurn/2026_08_28_Multiturn/inverted_tunes/loco/0mm/MULTITURN_ACQ__28-08-26_11-46-44.sdds,3.3456343347628654e-06,0.0
55,0.0,logical.BR3.DVT9L1/K,y,7.5e-05,/home/jmgray/mnt/user/psbop/MultiTurn/2026_08_28_Multiturn/inverted_tunes/loco/0mm/MULTITURN_ACQ__28-08-26_11-46-54.sdds,2.874764200549e-06,0.0
56,0.0,logical.BR3.DVT9L1/K,y,-7.5e-05,/home/jmgray/mnt/user/psbop/MultiTurn/2026_08_28_Multiturn/inverted_tunes/loco/0mm/MULTITURN_ACQ__28-08-26_11-47-16.sdds,1.520214711717646e-05,0.0
57,0.0,logical.BR3.DVT9L1/K,y,0.00015,/home/jmgray/mnt/user/psbop/MultiTurn/2026_08_28_Multiturn/inverted_tunes/loco/0mm/MULTITURN_ACQ__28-08-26_11-47-27.sdds,3.933409981879827e-06,0.0
58,0.0,logical.BR3.DVT9L1/K,y,-0.00015,/home/jmgray/mnt/user/psbop/MultiTurn/2026_08_28_Multiturn/inverted_tunes/loco/0mm/MULTITURN_ACQ__28-08-26_11-47-46.sdds,1.65695730583505e-05,0.0
59,0.0,logical.BR3.DVT9L1/K,y,0.0,/home/jmgray/mnt/user/psbop/MultiTurn/2026_08_28_Multiturn/inverted_tunes/loco/0mm/MULTITURN_ACQ__28-08-26_11-47-57.sdds,1.4333633601049705e-05,0.0
60,0.0,logical.BR3.DVT12L4/K,y,0.0,/home/jmgray/mnt/user/psbop/MultiTurn/2026_08_28_Multiturn/inverted_tunes/loco/0mm/MULTITURN_ACQ__28-08-26_11-48-18.sdds,-1.5604526826641517e-05,0.0
61,0.0,logical.BR3.DVT12L4/K,y,7.5e-05,/home/jmgray/mnt/user/psbop/MultiTurn/2026_08_28_Multiturn/inverted_tunes/loco/0mm/MULTITURN_ACQ__28-08-26_11-48-29.sdds,1.1005520317338325e-05,0.0
62,0.0,logical.BR3.DVT12L4/K,y,-7.5e-05,/home/jmgray/mnt/user/psbop/MultiTurn/2026_08_28_Multiturn/inverted_tunes/loco/0mm/MULTITURN_ACQ__28-08-26_11-48-48.sdds,-2.315479917700688e-05,0.0
63,0.0,logical.BR3.DVT12L4/K,y,0.00015,/home/jmgray/mnt/user/psbop/MultiTurn/2026_08_28_Multiturn/inverted_tunes/loco/0mm/MULTITURN_ACQ__28-08-26_11-48-59.sdds,-7.055657904832726e-06,0.0
64,0.0,logical.BR3.DVT12L4/K,y,-0.00015,/home/jmgray/mnt/user/psbop/MultiTurn/2026_08_28_Multiturn/inverted_tunes/loco/0mm/MULTITURN_ACQ__28-08-26_11-49-21.sdds,-5.969033494540597e-06,0.0
65,0.0,logical.BR3.DVT12L4/K,y,0.0,/home/jmgray/mnt/user/psbop/MultiTurn/2026_08_28_Multiturn/inverted_tunes/loco/0mm/MULTITURN_ACQ__28-08-26_11-49-32.sdds,-3.185507270678196e-06,0.0
66,0.0,logical.BR3.DVT13L4/K,y,0.0,/home/jmgray/mnt/user/psbop/MultiTurn/2026_08_28_Multiturn/inverted_tunes/loco/0mm/MULTITURN_ACQ__28-08-26_11-49-51.sdds,2.1022355226202186e-05,0.0
67,0.0,logical.BR3.DVT13L4/K,y,7.5e-05,/home/jmgray/mnt/user/psbop/MultiTurn/2026_08_28_Multiturn/inverted_tunes/loco/0mm/MULTITURN_ACQ__28-08-26_11-50-02.sdds,4.182464537644656e-05,0.0
68,0.0,logical.BR3.DVT13L4/K,y,-7.5e-05,/home/jmgray/mnt/user/psbop/MultiTurn/2026_08_28_Multiturn/inverted_tunes/loco/0mm/MULTITURN_ACQ__28-08-26_11-50-23.sdds,1.4483493232829196e-05,0.0
69,0.0,logical.BR3.DVT13L4/K,y,0.00015,/home/jmgray/mnt/user/psbop/MultiTurn/2026_08_28_Multiturn/inverted_tunes/loco/0mm/MULTITURN_ACQ__28-08-26_11-50-34.sdds,-4.09055642439926e-06,0.0
70,0.0,logical.BR3.DVT13L4/K,y,-0.00015,/home/jmgray/mnt/user/psbop/MultiTurn/2026_08_28_Multiturn/inverted_tunes/loco/0mm/MULTITURN_ACQ__28-08-26_11-50-53.sdds,2.2861247380773584e-05,0.0
71,0.0,logical.BR3.DVT13L4/K,y,0.0,/home/jmgray/mnt/user/psbop/MultiTurn/2026_08_28_Multiturn/inverted_tunes/loco/0mm/MULTITURN_ACQ__28-08-26_11-51-04.sdds,5.130172704394714e-06,0.0
72,2.0,logical.BR3.DHZ8L1/K,x,0.0,/home/jmgray/mnt/user/psbop/MultiTurn/2026_08_28_Multiturn/inverted_tunes/loco/0mm/MULTITURN_ACQ__28-08-26_11-56-38.sdds,0.0012131070020753828,0.001218817587299581
73,2.0,logical.BR3.DHZ8L1/K,x,7.5e-05,/home/jmgray/mnt/user/psbop/MultiTurn/2026_08_28_Multiturn/inverted_tunes/loco/0mm/MULTITURN_ACQ__28-08-26_11-56-48.sdds,0.0011979365848460643,0.001218817587299581
74,2.0,logical.BR3.DHZ8L1/K,x,-7.5e-05,/home/jmgray/mnt/user/psbop/MultiTurn/2026_08_28_Multiturn/inverted_tunes/loco/0mm/MULTITURN_ACQ__28-08-26_11-57-08.sdds,0.0012264501439949243,0.001218817587299581
75,2.0,logical.BR3.DHZ8L1/K,x,0.00015,/home/jmgray/mnt/user/psbop/MultiTurn/2026_08_28_Multiturn/inverted_tunes/loco/0mm/MULTITURN_ACQ__28-08-26_11-57-18.sdds,0.0011853160576022635,0.001218817587299581
76,2.0,logical.BR3.DHZ8L1/K,x,-0.00015,/home/jmgray/mnt/user/psbop/MultiTurn/2026_08_28_Multiturn/inverted_tunes/loco/0mm/MULTITURN_ACQ__28-08-26_11-57-40.sdds,0.0012513133660458204,0.001218817587299581
77,2.0,logical.BR3.DHZ8L1/K,x,0.0,/home/jmgray/mnt/user/psbop/MultiTurn/2026_08_28_Multiturn/inverted_tunes/loco/0mm/MULTITURN_ACQ__28-08-26_11-57-51.sdds,0.00120743988383913,0.001218817587299581
78,2.0,logical.BR3.DHZ9L1/K,x,0.0,/home/jmgray/mnt/user/psbop/MultiTurn/2026_08_28_Multiturn/inverted_tunes/loco/0mm/MULTITURN_ACQ__28-08-26_11-58-10.sdds,0.0012062705655640086,0.001218817587299581
79,2.0,logical.BR3.DHZ9L1/K,x,7.5e-05,/home/jmgray/mnt/user/psbop/MultiTurn/2026_08_28_Multiturn/inverted_tunes/loco/0mm/MULTITURN_ACQ__28-08-26_11-58-21.sdds,0.0012374661456762011,0.001218817587299581
80,2.0,logical.BR3.DHZ9L1/K,x,-7.5e-05,/home/jmgray/mnt/user/psbop/MultiTurn/2026_08_28_Multiturn/inverted_tunes/loco/0mm/MULTITURN_ACQ__28-08-26_11-58-42.sdds,0.001185926269229501,0.001218817587299581
81,2.0,logical.BR3.DHZ9L1/K,x,0.00015,/home/jmgray/mnt/user/psbop/MultiTurn/2026_08_28_Multiturn/inverted_tunes/loco/0mm/MULTITURN_ACQ__28-08-26_11-58-53.sdds,0.0012432936924333152,0.001218817587299581
82,2.0,logical.BR3.DHZ9L1/K,x,-0.00015,/home/jmgray/mnt/user/psbop/MultiTurn/2026_08_28_Multiturn/inverted_tunes/loco/0mm/MULTITURN_ACQ__28-08-26_11-59-12.sdds,0.0011538826107592387,0.001218817587299581
83,2.0,logical.BR3.DHZ9L1/K,x,0.0,/home/jmgray/mnt/user/psbop/MultiTurn/2026_08_28_Multiturn/inverted_tunes/loco/0mm/MULTITURN_ACQ__28-08-26_11-59-23.sdds,0.001206287191147661,0.001218817587299581
84,2.0,logical.BR3.DHZ11L4/K,x,0.0,/home/jmgray/mnt/user/psbop/MultiTurn/2026_08_28_Multiturn/inverted_tunes/loco/0mm/MULTITURN_ACQ__28-08-26_11-59-45.sdds,0.0012206056400124023,0.001218817587299581
85,2.0,logical.BR3.DHZ11L4/K,x,7.5e-05,/home/jmgray/mnt/user/psbop/MultiTurn/2026_08_28_Multiturn/inverted_tunes/loco/0mm/MULTITURN_ACQ__28-08-26_11-59-56.sdds,0.0012024643393427597,0.001218817587299581
86,2.0,logical.BR3.DHZ11L4/K,x,-7.5e-05,/home/jmgray/mnt/user/psbop/MultiTurn/2026_08_28_Multiturn/inverted_tunes/loco/0mm/MULTITURN_ACQ__28-08-26_12-00-15.sdds,0.0012206046428241476,0.001218817587299581
87,2.0,logical.BR3.DHZ11L4/K,x,0.00015,/home/jmgray/mnt/user/psbop/MultiTurn/2026_08_28_Multiturn/inverted_tunes/loco/0mm/MULTITURN_ACQ__28-08-26_12-00-26.sdds,0.0012112467716999778,0.001218817587299581
88,2.0,logical.BR3.DHZ11L4/K,x,-0.00015,/home/jmgray/mnt/user/psbop/MultiTurn/2026_08_28_Multiturn/inverted_tunes/loco/0mm/MULTITURN_ACQ__28-08-26_12-00-47.sdds,0.0012495440176771744,0.001218817587299581
89,2.0,logical.BR3.DHZ11L4/K,x,0.0,/home/jmgray/mnt/user/psbop/MultiTurn/2026_08_28_Multiturn/inverted_tunes/loco/0mm/MULTITURN_ACQ__28-08-26_12-00-58.sdds,0.0012162414502959302,0.001218817587299581
90,2.0,logical.BR3.DHZ12L4/K,x,0.0,/home/jmgray/mnt/user/psbop/MultiTurn/2026_08_28_Multiturn/inverted_tunes/loco/0mm/MULTITURN_ACQ__28-08-26_12-01-17.sdds,0.001197058005986285,0.001218817587299581
91,2.0,logical.BR3.DHZ12L4/K,x,7.5e-05,/home/jmgray/mnt/user/psbop/MultiTurn/2026_08_28_Multiturn/inverted_tunes/loco/0mm/MULTITURN_ACQ__28-08-26_12-01-28.sdds,0.0012133373312704187,0.001218817587299581
92,2.0,logical.BR3.DHZ12L4/K,x,-7.5e-05,/home/jmgray/mnt/user/psbop/MultiTurn/2026_08_28_Multiturn/inverted_tunes/loco/0mm/MULTITURN_ACQ__28-08-26_12-01-50.sdds,0.0012304797224918494,0.001218817587299581
93,2.0,logical.BR3.DHZ12L4/K,x,0.00015,/home/jmgray/mnt/user/psbop/MultiTurn/2026_08_28_Multiturn/inverted_tunes/loco/0mm/MULTITURN_ACQ__28-08-26_12-02-00.sdds,0.0012035482669667374,0.001218817587299581
94,2.0,logical.BR3.DHZ12L4/K,x,-0.00015,/home/jmgray/mnt/user/psbop/MultiTurn/2026_08_28_Multiturn/inverted_tunes/loco/0mm/MULTITURN_ACQ__28-08-26_12-02-20.sdds,0.0012163246691216003,0.001218817587299581
95,2.0,logical.BR3.DHZ12L4/K,x,0.0,/home/jmgray/mnt/user/psbop/MultiTurn/2026_08_28_Multiturn/inverted_tunes/loco/0mm/MULTITURN_ACQ__28-08-26_12-02-30.sdds,0.0012162382753747871,0.001218817587299581
96,2.0,logical.BR3.DHZ13L4/K,x,0.0,/home/jmgray/mnt/user/psbop/MultiTurn/2026_08_28_Multiturn/inverted_tunes/loco/0mm/MULTITURN_ACQ__28-08-26_12-02-52.sdds,0.0012153082396720615,0.001218817587299581
97,2.0,logical.BR3.DHZ13L4/K,x,7.5e-05,/home/jmgray/mnt/user/psbop/MultiTurn/2026_08_28_Multiturn/inverted_tunes/loco/0mm/MULTITURN_ACQ__28-08-26_12-03-03.sdds,0.0011826613124152664,0.001218817587299581
98,2.0,logical.BR3.DHZ13L4/K,x,-7.5e-05,/home/jmgray/mnt/user/psbop/MultiTurn/2026_08_28_Multiturn/inverted_tunes/loco/0mm/MULTITURN_ACQ__28-08-26_12-03-22.sdds,0.0012707581246801285,0.001218817587299581
99,2.0,logical.BR3.DHZ13L4/K,x,0.00015,/home/jmgray/mnt/user/psbop/MultiTurn/2026_08_28_Multiturn/inverted_tunes/loco/0mm/MULTITURN_ACQ__28-08-26_12-03-33.sdds,0.001147056438183279,0.001218817587299581
100,2.0,logical.BR3.DHZ13L4/K,x,-0.00015,/home/jmgray/mnt/user/psbop/MultiTurn/2026_08_28_Multiturn/inverted_tunes/loco/0mm/MULTITURN_ACQ__28-08-26_12-03-54.sdds,0.001252116845795628,0.001218817587299581
101,2.0,logical.BR3.DHZ13L4/K,x,0.0,/home/jmgray/mnt/user/psbop/MultiTurn/2026_08_28_Multiturn/inverted_tunes/loco/0mm/MULTITURN_ACQ__28-08-26_12-04-05.sdds,0.00120378021986427,0.001218817587299581
102,2.0,logical.BR3.DHZ14L1/K,x,0.0,/home/jmgray/mnt/user/psbop/MultiTurn/2026_08_28_Multiturn/inverted_tunes/loco/0mm/MULTITURN_ACQ__28-08-26_12-04-24.sdds,0.0012207418976804651,0.001218817587299581
103,2.0,logical.BR3.DHZ14L1/K,x,7.5e-05,/home/jmgray/mnt/user/psbop/MultiTurn/2026_08_28_Multiturn/inverted_tunes/loco/0mm/MULTITURN_ACQ__28-08-26_12-04-35.sdds,0.0011994712173503147,0.001218817587299581
104,2.0,logical.BR3.DHZ14L1/K,x,-7.5e-05,/home/jmgray/mnt/user/psbop/MultiTurn/2026_08_28_Multiturn/inverted_tunes/loco/0mm/MULTITURN_ACQ__28-08-26_12-04-57.sdds,0.0012410019144248193,0.001218817587299581
105,2.0,logical.BR3.DHZ14L1/K,x,0.00015,/home/jmgray/mnt/user/psbop/MultiTurn/2026_08_28_Multiturn/inverted_tunes/loco/0mm/MULTITURN_ACQ__28-08-26_12-05-08.sdds,0.0011694678972786583,0.001218817587299581
106,2.0,logical.BR3.DHZ14L1/K,x,-0.00015,/home/jmgray/mnt/user/psbop/MultiTurn/2026_08_28_Multiturn/inverted_tunes/loco/0mm/MULTITURN_ACQ__28-08-26_12-05-27.sdds,0.0012120903159700896,0.001218817587299581
107,2.0,logical.BR3.DHZ14L1/K,x,0.0,/home/jmgray/mnt/user/psbop/MultiTurn/2026_08_28_Multiturn/inverted_tunes/loco/0mm/MULTITURN_ACQ__28-08-26_12-05-38.sdds,0.0012262081746116905,0.001218817587299581
108,2.0,logical.BR3.DVT2L4/K,y,0.0,/home/jmgray/mnt/user/psbop/MultiTurn/2026_08_28_Multiturn/inverted_tunes/loco/0mm/MULTITURN_ACQ__28-08-26_12-05-59.sdds,0.001213251142100632,0.001218817587299581
109,2.0,logical.BR3.DVT2L4/K,y,7.5e-05,/home/jmgray/mnt/user/psbop/MultiTurn/2026_08_28_Multiturn/inverted_tunes/loco/0mm/MULTITURN_ACQ__28-08-26_12-06-10.sdds,0.0012111479637705897,0.001218817587299581
110,2.0,logical.BR3.DVT2L4/K,y,-7.5e-05,/home/jmgray/mnt/user/psbop/MultiTurn/2026_08_28_Multiturn/inverted_tunes/loco/0mm/MULTITURN_ACQ__28-08-26_12-06-29.sdds,0.0012031391683453496,0.001218817587299581
111,2.0,logical.BR3.DVT2L4/K,y,0.00015,/home/jmgray/mnt/user/psbop/MultiTurn/2026_08_28_Multiturn/inverted_tunes/loco/0mm/MULTITURN_ACQ__28-08-26_12-06-40.sdds,0.0012207552539368206,0.001218817587299581
112,2.0,logical.BR3.DVT2L4/K,y,-0.00015,/home/jmgray/mnt/user/psbop/MultiTurn/2026_08_28_Multiturn/inverted_tunes/loco/0mm/MULTITURN_ACQ__28-08-26_12-07-02.sdds,0.0012323727600145585,0.001218817587299581
113,2.0,logical.BR3.DVT2L4/K,y,0.0,/home/jmgray/mnt/user/psbop/MultiTurn/2026_08_28_Multiturn/inverted_tunes/loco/0mm/MULTITURN_ACQ__28-08-26_12-07-12.sdds,0.0012008651004388764,0.001218817587299581
114,2.0,logical.BR3.DVT6L4/K,y,0.0,/home/jmgray/mnt/user/psbop/MultiTurn/2026_08_28_Multiturn/inverted_tunes/loco/0mm/MULTITURN_ACQ__28-08-26_12-07-32.sdds,0.0012065910419799927,0.001218817587299581
115,2.0,logical.BR3.DVT6L4/K,y,7.5e-05,/home/jmgray/mnt/user/psbop/MultiTurn/2026_08_28_Multiturn/inverted_tunes/loco/0mm/MULTITURN_ACQ__28-08-26_12-07-42.sdds,0.0011993905772711146,0.001218817587299581
116,2.0,logical.BR3.DVT6L4/K,y,-7.5e-05,/home/jmgray/mnt/user/psbop/MultiTurn/2026_08_28_Multiturn/inverted_tunes/loco/0mm/MULTITURN_ACQ__28-08-26_12-08-04.sdds,0.00121921312865184,0.001218817587299581
117,2.0,logical.BR3.DVT6L4/K,y,0.00015,/home/jmgray/mnt/user/psbop/MultiTurn/2026_08_28_Multiturn/inverted_tunes/loco/0mm/MULTITURN_ACQ__28-08-26_12-08-15.sdds,0.0012019561132750626,0.001218817587299581
118,2.0,logical.BR3.DVT6L4/K,y,-0.00015,/home/jmgray/mnt/user/psbop/MultiTurn/2026_08_28_Multiturn/inverted_tunes/loco/0mm/MULTITURN_ACQ__28-08-26_12-08-34.sdds,0.0011974107287366584,0.001218817587299581
119,2.0,logical.BR3.DVT6L4/K,y,0.0,/home/jmgray/mnt/user/psbop/MultiTurn/2026_08_28_Multiturn/inverted_tunes/loco/0mm/MULTITURN_ACQ__28-08-26_12-08-45.sdds,0.0012125263283472708,0.001218817587299581
120,2.0,logical.BR3.DVT8L1/K,y,0.0,/home/jmgray/mnt/user/psbop/MultiTurn/2026_08_28_Multiturn/inverted_tunes/loco/0mm/MULTITURN_ACQ__28-08-26_12-09-06.sdds,0.001209053358450261,0.001218817587299581
121,2.0,logical.BR3.DVT8L1/K,y,7.5e-05,/home/jmgray/mnt/user/psbop/MultiTurn/2026_08_28_Multiturn/inverted_tunes/loco/0mm/MULTITURN_ACQ__28-08-26_12-09-17.sdds,0.001194215387306624,0.001218817587299581
122,2.0,logical.BR3.DVT8L1/K,y,-7.5e-05,/home/jmgray/mnt/user/psbop/MultiTurn/2026_08_28_Multiturn/inverted_tunes/loco/0mm/MULTITURN_ACQ__28-08-26_12-09-36.sdds,0.0012082580863139753,0.001218817587299581
123,2.0,logical.BR3.DVT8L1/K,y,0.00015,/home/jmgray/mnt/user/psbop/MultiTurn/2026_08_28_Multiturn/inverted_tunes/loco/0mm/MULTITURN_ACQ__28-08-26_12-09-47.sdds,0.0012126227616537164,0.001218817587299581
124,2.0,logical.BR3.DVT8L1/K,y,-0.00015,/home/jmgray/mnt/user/psbop/MultiTurn/2026_08_28_Multiturn/inverted_tunes/loco/0mm/MULTITURN_ACQ__28-08-26_12-10-09.sdds,0.0012181746185376719,0.001218817587299581
125,2.0,logical.BR3.DVT8L1/K,y,0.0,/home/jmgray/mnt/user/psbop/MultiTurn/2026_08_28_Multiturn/inverted_tunes/loco/0mm/MULTITURN_ACQ__28-08-26_12-10-20.sdds,0.0011972639111974162,0.001218817587299581
126,2.0,logical.BR3.DVT9L1/K,y,0.0,/home/jmgray/mnt/user/psbop/MultiTurn/2026_08_28_Multiturn/inverted_tunes/loco/0mm/MULTITURN_ACQ__28-08-26_12-10-39.sdds,0.0011906339748069125,0.001218817587299581
127,2.0,logical.BR3.DVT9L1/K,y,7.5e-05,/home/jmgray/mnt/user/psbop/MultiTurn/2026_08_28_Multiturn/inverted_tunes/loco/0mm/MULTITURN_ACQ__28-08-26_12-10-50.sdds,0.0011940445192611699,0.001218817587299581
128,2.0,logical.BR3.DVT9L1/K,y,-7.5e-05,/home/jmgray/mnt/user/psbop/MultiTurn/2026_08_28_Multiturn/inverted_tunes/loco/0mm/MULTITURN_ACQ__28-08-26_12-11-11.sdds,0.0011836407284228762,0.001218817587299581
129,2.0,logical.BR3.DVT9L1/K,y,0.00015,/home/jmgray/mnt/user/psbop/MultiTurn/2026_08_28_Multiturn/inverted_tunes/loco/0mm/MULTITURN_ACQ__28-08-26_12-11-22.sdds,0.0012485880466579658,0.001218817587299581
130,2.0,logical.BR3.DVT9L1/K,y,-0.00015,/home/jmgray/mnt/user/psbop/MultiTurn/2026_08_28_Multiturn/inverted_tunes/loco/0mm/MULTITURN_ACQ__28-08-26_12-11-41.sdds,0.0012157105035836202,0.001218817587299581
131,2.0,logical.BR3.DVT9L1/K,y,0.0,/home/jmgray/mnt/user/psbop/MultiTurn/2026_08_28_Multiturn/inverted_tunes/loco/0mm/MULTITURN_ACQ__28-08-26_12-11-52.sdds,0.0011958976356437128,0.001218817587299581
132,2.0,logical.BR3.DVT12L4/K,y,0.0,/home/jmgray/mnt/user/psbop/MultiTurn/2026_08_28_Multiturn/inverted_tunes/loco/0mm/MULTITURN_ACQ__28-08-26_12-12-14.sdds,0.0012099661703452974,0.001218817587299581
133,2.0,logical.BR3.DVT12L4/K,y,7.5e-05,/home/jmgray/mnt/user/psbop/MultiTurn/2026_08_28_Multiturn/inverted_tunes/loco/0mm/MULTITURN_ACQ__28-08-26_12-12-24.sdds,0.001231750312683885,0.001218817587299581
134,2.0,logical.BR3.DVT12L4/K,y,-7.5e-05,/home/jmgray/mnt/user/psbop/MultiTurn/2026_08_28_Multiturn/inverted_tunes/loco/0mm/MULTITURN_ACQ__28-08-26_12-12-44.sdds,0.0011884123524751333,0.001218817587299581
135,2.0,logical.BR3.DVT12L4/K,y,0.00015,/home/jmgray/mnt/user/psbop/MultiTurn/2026_08_28_Multiturn/inverted_tunes/loco/0mm/MULTITURN_ACQ__28-08-26_12-12-54.sdds,0.0012068925742786056,0.001218817587299581
136,2.0,logical.BR3.DVT12L4/K,y,-0.00015,/home/jmgray/mnt/user/psbop/MultiTurn/2026_08_28_Multiturn/inverted_tunes/loco/0mm/MULTITURN_ACQ__28-08-26_12-13-16.sdds,0.0012077267355647353,0.001218817587299581
137,2.0,logical.BR3.DVT12L4/K,y,0.0,/home/jmgray/mnt/user/psbop/MultiTurn/2026_08_28_Multiturn/inverted_tunes/loco/0mm/MULTITURN_ACQ__28-08-26_12-13-27.sdds,0.001189070539579741,0.001218817587299581
138,2.0,logical.BR3.DVT13L4/K,y,0.0,/home/jmgray/mnt/user/psbop/MultiTurn/2026_08_28_Multiturn/inverted_tunes/loco/0mm/MULTITURN_ACQ__28-08-26_12-13-46.sdds,0.0012030376131529211,0.001218817587299581
139,2.0,logical.BR3.DVT13L4/K,y,7.5e-05,/home/jmgray/mnt/user/psbop/MultiTurn/2026_08_28_Multiturn/inverted_tunes/loco/0mm/MULTITURN_ACQ__28-08-26_12-13-57.sdds,0.0012062180254781734,0.001218817587299581
140,2.0,logical.BR3.DVT13L4/K,y,-7.5e-05,/home/jmgray/mnt/user/psbop/MultiTurn/2026_08_28_Multiturn/inverted_tunes/loco/0mm/MULTITURN_ACQ__28-08-26_12-14-18.sdds,0.0012013929164437739,0.001218817587299581
141,2.0,logical.BR3.DVT13L4/K,y,0.00015,/home/jmgray/mnt/user/psbop/MultiTurn/2026_08_28_Multiturn/inverted_tunes/loco/0mm/MULTITURN_ACQ__28-08-26_12-14-29.sdds,0.0011828915678629868,0.001218817587299581
142,2.0,logical.BR3.DVT13L4/K,y,-0.00015,/home/jmgray/mnt/user/psbop/MultiTurn/2026_08_28_Multiturn/inverted_tunes/loco/0mm/MULTITURN_ACQ__28-08-26_12-14-48.sdds,0.0012044480910023555,0.001218817587299581
143,2.0,logical.BR3.DVT13L4/K,y,0.0,/home/jmgray/mnt/user/psbop/MultiTurn/2026_08_28_Multiturn/inverted_tunes/loco/0mm/MULTITURN_ACQ__28-08-26_12-14-59.sdds,0.0012042336231606525,0.001218817587299581
144,-2.0,logical.BR3.DHZ8L1/K,x,0.0,/home/jmgray/mnt/user/psbop/MultiTurn/2026_08_28_Multiturn/inverted_tunes/loco/0mm/MULTITURN_ACQ__28-08-26_12-15-51.sdds,-0.001254179274350697,-0.001271781114886794
145,-2.0,logical.BR3.DHZ8L1/K,x,7.5e-05,/home/jmgray/mnt/user/psbop/MultiTurn/2026_08_28_Multiturn/inverted_tunes/loco/0mm/MULTITURN_ACQ__28-08-26_12-16-02.sdds,-0.001270971120421244,-0.001271781114886794
146,-2.0,logical.BR3.DHZ8L1/K,x,-7.5e-05,/home/jmgray/mnt/user/psbop/MultiTurn/2026_08_28_Multiturn/inverted_tunes/loco/0mm/MULTITURN_ACQ__28-08-26_12-16-23.sdds,-0.001236180437004185,-0.001271781114886794
147,-2.0,logical.BR3.DHZ8L1/K,x,0.00015,/home/jmgray/mnt/user/psbop/MultiTurn/2026_08_28_Multiturn/inverted_tunes/loco/0mm/MULTITURN_ACQ__28-08-26_12-16-34.sdds,-0.0012764545398540347,-0.001271781114886794
148,-2.0,logical.BR3.DHZ8L1/K,x,-0.00015,/home/jmgray/mnt/user/psbop/MultiTurn/2026_08_28_Multiturn/inverted_tunes/loco/0mm/MULTITURN_ACQ__28-08-26_12-16-53.sdds,-0.0012372826781687218,-0.001271781114886794
149,-2.0,logical.BR3.DHZ8L1/K,x,0.0,/home/jmgray/mnt/user/psbop/MultiTurn/2026_08_28_Multiturn/inverted_tunes/loco/0mm/MULTITURN_ACQ__28-08-26_12-17-04.sdds,-0.0012715035118116566,-0.001271781114886794
150,-2.0,logical.BR3.DHZ9L1/K,x,0.0,/home/jmgray/mnt/user/psbop/MultiTurn/2026_08_28_Multiturn/inverted_tunes/loco/0mm/MULTITURN_ACQ__28-08-26_12-17-26.sdds,-0.0012462516090084616,-0.001271781114886794
151,-2.0,logical.BR3.DHZ9L1/K,x,7.5e-05,/home/jmgray/mnt/user/psbop/MultiTurn/2026_08_28_Multiturn/inverted_tunes/loco/0mm/MULTITURN_ACQ__28-08-26_12-17-36.sdds,-0.0012408734190591214,-0.001271781114886794
152,-2.0,logical.BR3.DHZ9L1/K,x,-7.5e-05,/home/jmgray/mnt/user/psbop/MultiTurn/2026_08_28_Multiturn/inverted_tunes/loco/0mm/MULTITURN_ACQ__28-08-26_12-17-56.sdds,-0.0012894294484662307,-0.001271781114886794
153,-2.0,logical.BR3.DHZ9L1/K,x,0.00015,/home/jmgray/mnt/user/psbop/MultiTurn/2026_08_28_Multiturn/inverted_tunes/loco/0mm/MULTITURN_ACQ__28-08-26_12-18-06.sdds,-0.0012063953004377457,-0.001271781114886794
154,-2.0,logical.BR3.DHZ9L1/K,x,-0.00015,/home/jmgray/mnt/user/psbop/MultiTurn/2026_08_28_Multiturn/inverted_tunes/loco/0mm/MULTITURN_ACQ__28-08-26_12-18-28.sdds,-0.0013037339223963306,-0.001271781114886794
155,-2.0,logical.BR3.DHZ9L1/K,x,0.0,/home/jmgray/mnt/user/psbop/MultiTurn/2026_08_28_Multiturn/inverted_tunes/loco/0mm/MULTITURN_ACQ__28-08-26_12-18-39.sdds,-0.0012577960712699728,-0.001271781114886794
156,-2.0,logical.BR3.DHZ11L4/K,x,0.0,/home/jmgray/mnt/user/psbop/MultiTurn/2026_08_28_Multiturn/inverted_tunes/loco/0mm/MULTITURN_ACQ__28-08-26_12-18-58.sdds,-0.0012402566055215026,-0.001271781114886794
157,-2.0,logical.BR3.DHZ11L4/K,x,7.5e-05,/home/jmgray/mnt/user/psbop/MultiTurn/2026_08_28_Multiturn/inverted_tunes/loco/0mm/MULTITURN_ACQ__28-08-26_12-19-09.sdds,-0.0012720674938026702,-0.001271781114886794
158,-2.0,logical.BR3.DHZ11L4/K,x,-7.5e-05,/home/jmgray/mnt/user/psbop/MultiTurn/2026_08_28_Multiturn/inverted_tunes/loco/0mm/MULTITURN_ACQ__28-08-26_12-19-30.sdds,-0.0012418011912338366,-0.001271781114886794
159,-2.0,logical.BR3.DHZ11L4/K,x,0.00015,/home/jmgray/mnt/user/psbop/MultiTurn/2026_08_28_Multiturn/inverted_tunes/loco/0mm/MULTITURN_ACQ__28-08-26_12-19-41.sdds,-0.00126594764423721,-0.001271781114886794
160,-2.0,logical.BR3.DHZ11L4/K,x,-0.00015,/home/jmgray/mnt/user/psbop/MultiTurn/2026_08_28_Multiturn/inverted_tunes/loco/0mm/MULTITURN_ACQ__28-08-26_12-20-00.sdds,-0.0012296835694132963,-0.001271781114886794
161,-2.0,logical.BR3.DHZ11L4/K,x,0.0,/home/jmgray/mnt/user/psbop/MultiTurn/2026_08_28_Multiturn/inverted_tunes/loco/0mm/MULTITURN_ACQ__28-08-26_12-20-11.sdds,-0.0012423355492020992,-0.001271781114886794
162,-2.0,logical.BR3.DHZ12L4/K,x,0.0,/home/jmgray/mnt/user/psbop/MultiTurn/2026_08_28_Multiturn/inverted_tunes/loco/0mm/MULTITURN_ACQ__28-08-26_12-20-33.sdds,-0.0012516279564281428,-0.001271781114886794
163,-2.0,logical.BR3.DHZ12L4/K,x,7.5e-05,/home/jmgray/mnt/user/psbop/MultiTurn/2026_08_28_Multiturn/inverted_tunes/loco/0mm/MULTITURN_ACQ__28-08-26_12-20-44.sdds,-0.0012743863327968666,-0.001271781114886794
164,-2.0,logical.BR3.DHZ12L4/K,x,-7.5e-05,/home/jmgray/mnt/user/psbop/MultiTurn/2026_08_28_Multiturn/inverted_tunes/loco/0mm/MULTITURN_ACQ__28-08-26_12-21-03.sdds,-0.001256197511997568,-0.001271781114886794
165,-2.0,logical.BR3.DHZ12L4/K,x,0.00015,/home/jmgray/mnt/user/psbop/MultiTurn/2026_08_28_Multiturn/inverted_tunes/loco/0mm/MULTITURN_ACQ__28-08-26_12-21-14.sdds,-0.001261982720303853,-0.001271781114886794
166,-2.0,logical.BR3.DHZ12L4/K,x,-0.00015,/home/jmgray/mnt/user/psbop/MultiTurn/2026_08_28_Multiturn/inverted_tunes/loco/0mm/MULTITURN_ACQ__28-08-26_12-21-35.sdds,-0.0012361282243061906,-0.001271781114886794
167,-2.0,logical.BR3.DHZ12L4/K,x,0.0,/home/jmgray/mnt/user/psbop/MultiTurn/2026_08_28_Multiturn/inverted_tunes/loco/0mm/MULTITURN_ACQ__28-08-26_12-21-46.sdds,-0.0012696718209936116,-0.001271781114886794
168,-2.0,logical.BR3.DHZ13L4/K,x,0.0,/home/jmgray/mnt/user/psbop/MultiTurn/2026_08_28_Multiturn/inverted_tunes/loco/0mm/MULTITURN_ACQ__28-08-26_12-22-05.sdds,-0.0012747319877173206,-0.001271781114886794
169,-2.0,logical.BR3.DHZ13L4/K,x,7.5e-05,/home/jmgray/mnt/user/psbop/MultiTurn/2026_08_28_Multiturn/inverted_tunes/loco/0mm/MULTITURN_ACQ__28-08-26_12-22-16.sdds,-0.0012700750146228386,-0.001271781114886794
170,-2.0,logical.BR3.DHZ13L4/K,x,-7.5e-05,/home/jmgray/mnt/user/psbop/MultiTurn/2026_08_28_Multiturn/inverted_tunes/loco/0mm/MULTITURN_ACQ__28-08-26_12-22-38.sdds,-0.001216761883788163,-0.001271781114886794
171,-2.0,logical.BR3.DHZ13L4/K,x,0.00015,/home/jmgray/mnt/user/psbop/MultiTurn/2026_08_28_Multiturn/inverted_tunes/loco/0mm/MULTITURN_ACQ__28-08-26_12-22-48.sdds,-0.001328293528119304,-0.001271781114886794
172,-2.0,logical.BR3.DHZ13L4/K,x,-0.00015,/home/jmgray/mnt/user/psbop/MultiTurn/2026_08_28_Multiturn/inverted_tunes/loco/0mm/MULTITURN_ACQ__28-08-26_12-23-08.sdds,-0.0011994866087352081,-0.001271781114886794
173,-2.0,logical.BR3.DHZ13L4/K,x,0.0,/home/jmgray/mnt/user/psbop/MultiTurn/2026_08_28_Multiturn/inverted_tunes/loco/0mm/MULTITURN_ACQ__28-08-26_12-23-18.sdds,-0.0012416202275323098,-0.001271781114886794
174,-2.0,logical.BR3.DHZ14L1/K,x,0.0,/home/jmgray/mnt/user/psbop/MultiTurn/2026_08_28_Multiturn/inverted_tunes/loco/0mm/MULTITURN_ACQ__28-08-26_12-23-40.sdds,-0.001246344619732815,-0.001271781114886794
175,-2.0,logical.BR3.DHZ14L1/K,x,7.5e-05,/home/jmgray/mnt/user/psbop/MultiTurn/2026_08_28_Multiturn/inverted_tunes/loco/0mm/MULTITURN_ACQ__28-08-26_12-23-51.sdds,-0.0012642091528480015,-0.001271781114886794
176,-2.0,logical.BR3.DHZ14L1/K,x,-7.5e-05,/home/jmgray/mnt/user/psbop/MultiTurn/2026_08_28_Multiturn/inverted_tunes/loco/0mm/MULTITURN_ACQ__28-08-26_12-24-10.sdds,-0.001234971998180607,-0.001271781114886794
177,-2.0,logical.BR3.DHZ14L1/K,x,0.00015,/home/jmgray/mnt/user/psbop/MultiTurn/2026_08_28_Multiturn/inverted_tunes/loco/0mm/MULTITURN_ACQ__28-08-26_12-24-21.sdds,-0.0013061328952978049,-0.001271781114886794
178,-2.0,logical.BR3.DHZ14L1/K,x,-0.00015,/home/jmgray/mnt/user/psbop/MultiTurn/2026_08_28_Multiturn/inverted_tunes/loco/0mm/MULTITURN_ACQ__28-08-26_12-24-42.sdds,-0.0012317366435964892,-0.001271781114886794
179,-2.0,logical.BR3.DHZ14L1/K,x,0.0,/home/jmgray/mnt/user/psbop/MultiTurn/2026_08_28_Multiturn/inverted_tunes/loco/0mm/MULTITURN_ACQ__28-08-26_12-24-53.sdds,-0.0012534486147236941,-0.001271781114886794
180,-2.0,logical.BR3.DVT2L4/K,y,0.0,/home/jmgray/mnt/user/psbop/MultiTurn/2026_08_28_Multiturn/inverted_tunes/loco/0mm/MULTITURN_ACQ__28-08-26_12-25-12.sdds,-0.001257556784428808,-0.001271781114886794
181,-2.0,logical.BR3.DVT2L4/K,y,7.5e-05,/home/jmgray/mnt/user/psbop/MultiTurn/2026_08_28_Multiturn/inverted_tunes/loco/0mm/MULTITURN_ACQ__28-08-26_12-25-23.sdds,-0.0012751792737461713,-0.001271781114886794
182,-2.0,logical.BR3.DVT2L4/K,y,-7.5e-05,/home/jmgray/mnt/user/psbop/MultiTurn/2026_08_28_Multiturn/inverted_tunes/loco/0mm/MULTITURN_ACQ__28-08-26_12-25-45.sdds,-0.0012425199603915552,-0.001271781114886794
183,-2.0,logical.BR3.DVT2L4/K,y,0.00015,/home/jmgray/mnt/user/psbop/MultiTurn/2026_08_28_Multiturn/inverted_tunes/loco/0mm/MULTITURN_ACQ__28-08-26_12-25-56.sdds,-0.0012812632615618153,-0.001271781114886794
184,-2.0,logical.BR3.DVT2L4/K,y,-0.00015,/home/jmgray/mnt/user/psbop/MultiTurn/2026_08_28_Multiturn/inverted_tunes/loco/0mm/MULTITURN_ACQ__28-08-26_12-26-15.sdds,-0.0012357160989647793,-0.001271781114886794
185,-2.0,logical.BR3.DVT2L4/K,y,0.0,/home/jmgray/mnt/user/psbop/MultiTurn/2026_08_28_Multiturn/inverted_tunes/loco/0mm/MULTITURN_ACQ__28-08-26_12-26-26.sdds,-0.0012438847153026567,-0.001271781114886794
186,-2.0,logical.BR3.DVT6L4/K,y,0.0,/home/jmgray/mnt/user/psbop/MultiTurn/2026_08_28_Multiturn/inverted_tunes/loco/0mm/MULTITURN_ACQ__28-08-26_12-26-47.sdds,-0.001247515916483023,-0.001271781114886794
187,-2.0,logical.BR3.DVT6L4/K,y,7.5e-05,/home/jmgray/mnt/user/psbop/MultiTurn/2026_08_28_Multiturn/inverted_tunes/loco/0mm/MULTITURN_ACQ__28-08-26_12-26-58.sdds,-0.0012791942853868509,-0.001271781114886794
188,-2.0,logical.BR3.DVT6L4/K,y,-7.5e-05,/home/jmgray/mnt/user/psbop/MultiTurn/2026_08_28_Multiturn/inverted_tunes/loco/0mm/MULTITURN_ACQ__28-08-26_12-27-17.sdds,-0.0012424173361968024,-0.001271781114886794
189,-2.0,logical.BR3.DVT6L4/K,y,0.00015,/home/jmgray/mnt/user/psbop/MultiTurn/2026_08_28_Multiturn/inverted_tunes/loco/0mm/MULTITURN_ACQ__28-08-26_12-27-28.sdds,-0.0012701876838410284,-0.001271781114886794
190,-2.0,logical.BR3.DVT6L4/K,y,-0.00015,/home/jmgray/mnt/user/psbop/MultiTurn/2026_08_28_Multiturn/inverted_tunes/loco/0mm/MULTITURN_ACQ__28-08-26_12-27-50.sdds,-0.0012303908663159101,-0.001271781114886794
191,-2.0,logical.BR3.DVT6L4/K,y,0.0,/home/jmgray/mnt/user/psbop/MultiTurn/2026_08_28_Multiturn/inverted_tunes/loco/0mm/MULTITURN_ACQ__28-08-26_12-28-00.sdds,-0.0012595950284287963,-0.001271781114886794
192,-2.0,logical.BR3.DVT8L1/K,y,0.0,/home/jmgray/mnt/user/psbop/MultiTurn/2026_08_28_Multiturn/inverted_tunes/loco/0mm/MULTITURN_ACQ__28-08-26_12-28-20.sdds,-0.0012519973502424994,-0.001271781114886794
193,-2.0,logical.BR3.DVT8L1/K,y,7.5e-05,/home/jmgray/mnt/user/psbop/MultiTurn/2026_08_28_Multiturn/inverted_tunes/loco/0mm/MULTITURN_ACQ__28-08-26_12-28-30.sdds,-0.0012793518571277587,-0.001271781114886794
194,-2.0,logical.BR3.DVT8L1/K,y,-7.5e-05,/home/jmgray/mnt/user/psbop/MultiTurn/2026_08_28_Multiturn/inverted_tunes/loco/0mm/MULTITURN_ACQ__28-08-26_12-28-52.sdds,-0.0012460422424646553,-0.001271781114886794
195,-2.0,logical.BR3.DVT8L1/K,y,0.00015,/home/jmgray/mnt/user/psbop/MultiTurn/2026_08_28_Multiturn/inverted_tunes/loco/0mm/MULTITURN_ACQ__28-08-26_12-29-03.sdds,-0.0012443754637598663,-0.001271781114886794
196,-2.0,logical.BR3.DVT8L1/K,y,-0.00015,/home/jmgray/mnt/user/psbop/MultiTurn/2026_08_28_Multiturn/inverted_tunes/loco/0mm/MULTITURN_ACQ__28-08-26_12-29-22.sdds,-0.001244477117434154,-0.001271781114886794
197,-2.0,logical.BR3.DVT8L1/K,y,0.0,/home/jmgray/mnt/user/psbop/MultiTurn/2026_08_28_Multiturn/inverted_tunes/loco/0mm/MULTITURN_ACQ__28-08-26_12-29-33.sdds,-0.001270130953109752,-0.001271781114886794
198,-2.0,logical.BR3.DVT9L1/K,y,0.0,/home/jmgray/mnt/user/psbop/MultiTurn/2026_08_28_Multiturn/inverted_tunes/loco/0mm/MULTITURN_ACQ__28-08-26_12-29-54.sdds,-0.0012579783656480553,-0.001271781114886794
199,-2.0,logical.BR3.DVT9L1/K,y,7.5e-05,/home/jmgray/mnt/user/psbop/MultiTurn/2026_08_28_Multiturn/inverted_tunes/loco/0mm/MULTITURN_ACQ__28-08-26_12-30-05.sdds,-0.001277111095449009,-0.001271781114886794
200,-2.0,logical.BR3.DVT9L1/K,y,-7.5e-05,/home/jmgray/mnt/user/psbop/MultiTurn/2026_08_28_Multiturn/inverted_tunes/loco/0mm/MULTITURN_ACQ__28-08-26_12-30-24.sdds,-0.0012550225401209794,-0.001271781114886794
201,-2.0,logical.BR3.DVT9L1/K,y,0.00015,/home/jmgray/mnt/user/psbop/MultiTurn/2026_08_28_Multiturn/inverted_tunes/loco/0mm/MULTITURN_ACQ__28-08-26_12-30-35.sdds,-0.0012514425187015162,-0.001271781114886794
202,-2.0,logical.BR3.DVT9L1/K,y,-0.00015,/home/jmgray/mnt/user/psbop/MultiTurn/2026_08_28_Multiturn/inverted_tunes/loco/0mm/MULTITURN_ACQ__28-08-26_12-30-57.sdds,-0.0012501898893489236,-0.001271781114886794
203,-2.0,logical.BR3.DVT9L1/K,y,0.0,/home/jmgray/mnt/user/psbop/MultiTurn/2026_08_28_Multiturn/inverted_tunes/loco/0mm/MULTITURN_ACQ__28-08-26_12-31-08.sdds,-0.0012603135277253735,-0.001271781114886794
204,-2.0,logical.BR3.DVT12L4/K,y,0.0,/home/jmgray/mnt/user/psbop/MultiTurn/2026_08_28_Multiturn/inverted_tunes/loco/0mm/MULTITURN_ACQ__28-08-26_12-31-27.sdds,-0.0012441933267368559,-0.001271781114886794
205,-2.0,logical.BR3.DVT12L4/K,y,7.5e-05,/home/jmgray/mnt/user/psbop/MultiTurn/2026_08_28_Multiturn/inverted_tunes/loco/0mm/MULTITURN_ACQ__28-08-26_12-31-38.sdds,-0.0012493802003292116,-0.001271781114886794
206,-2.0,logical.BR3.DVT12L4/K,y,-7.5e-05,/home/jmgray/mnt/user/psbop/MultiTurn/2026_08_28_Multiturn/inverted_tunes/loco/0mm/MULTITURN_ACQ__28-08-26_12-31-59.sdds,-0.0012567291910171269,-0.001271781114886794
207,-2.0,logical.BR3.DVT12L4/K,y,0.00015,/home/jmgray/mnt/user/psbop/MultiTurn/2026_08_28_Multiturn/inverted_tunes/loco/0mm/MULTITURN_ACQ__28-08-26_12-32-10.sdds,-0.0012638292165761229,-0.001271781114886794
208,-2.0,logical.BR3.DVT12L4/K,y,-0.00015,/home/jmgray/mnt/user/psbop/MultiTurn/2026_08_28_Multiturn/inverted_tunes/loco/0mm/MULTITURN_ACQ__28-08-26_12-32-29.sdds,-0.0012582680398461204,-0.001271781114886794
209,-2.0,logical.BR3.DVT12L4/K,y,0.0,/home/jmgray/mnt/user/psbop/MultiTurn/2026_08_28_Multiturn/inverted_tunes/loco/0mm/MULTITURN_ACQ__28-08-26_12-32-40.sdds,-0.001271133113710366,-0.001271781114886794
210,-2.0,logical.BR3.DVT13L4/K,y,0.0,/home/jmgray/mnt/user/psbop/MultiTurn/2026_08_28_Multiturn/inverted_tunes/loco/0mm/MULTITURN_ACQ__28-08-26_12-33-02.sdds,-0.0012685282897282055,-0.001271781114886794
211,-2.0,logical.BR3.DVT13L4/K,y,7.5e-05,/home/jmgray/mnt/user/psbop/MultiTurn/2026_08_28_Multiturn/inverted_tunes/loco/0mm/MULTITURN_ACQ__28-08-26_12-33-12.sdds,-0.0012710564281588517,-0.001271781114886794
212,-2.0,logical.BR3.DVT13L4/K,y,-7.5e-05,/home/jmgray/mnt/user/psbop/MultiTurn/2026_08_28_Multiturn/inverted_tunes/loco/0mm/MULTITURN_ACQ__28-08-26_12-33-32.sdds,-0.0012649755809233717,-0.001271781114886794
213,-2.0,logical.BR3.DVT13L4/K,y,0.00015,/home/jmgray/mnt/user/psbop/MultiTurn/2026_08_28_Multiturn/inverted_tunes/loco/0mm/MULTITURN_ACQ__28-08-26_12-33-42.sdds,-0.0012617146418598805,-0.001271781114886794
214,-2.0,logical.BR3.DVT13L4/K,y,-0.00015,/home/jmgray/mnt/user/psbop/MultiTurn/2026_08_28_Multiturn/inverted_tunes/loco/0mm/MULTITURN_ACQ__28-08-26_12-34-04.sdds,-0.0012575351670258191,-0.001271781114886794
