campaign,index,BfC_mean_G,BfC_sem_G,Frev_mean_Hz,Frev_sem_Hz,Dp_p_logged_mean,Dp_p_logged_sem,P_mean_GeV_c,eta,Dp_p_recalculated,Dp_p_recalculated_error,Dp_p_recalculated_std_paired,Dp_p_recalculated_sem_paired,Dp_p_recalculated_mean_paired
normal,0,2320.6042250009464,0.030071308162023337,994410.1666666666,1.9902540318037572,0.0,0.0,0.5731841004995955,0.6627385767655128,0.0,0.0,0.0,0.0,0.0
normal,1,2320.6324130308712,0.030582486932973083,994357.1666666666,1.887090647295755,-7.987201149170509e-05,4.636266495341738e-06,0.5731910628805147,0.6627337687877048,-8.042132306580456e-05,2.86344019903001e-06,1.1434565321944387e-05,4.668141744881168e-06,-8.04211926592187e-05
normal,2,2320.5923785777973,0.036970807571443526,994290.0,2.683281572999748,-0.00018109191433595372,4.426701410132188e-06,0.5731811744593324,0.6627405973885411,-0.00018233703298731663,4.071525495772179e-06,1.0917719918497087e-05,4.457140492489702e-06,-0.0001823370486124412
normal,3,2320.6309725852893,0.046740604834381624,993987.0,2.4083189157584592,-0.0006377207012256921,5.795598018770163e-06,0.5731907070936484,0.6627340144816016,-0.0006421058602680955,3.6543503096527327e-06,1.4293760108858886e-05,5.835403128742201e-06,-0.0006421055202441209
normal,4,2320.657745004901,0.04360175402258835,993938.1666666666,3.290558885322944,-0.0007113185001081012,6.823428360219438e-06,0.5731973198219575,0.662729447966173,-0.0007162096597898722,4.9930788349272035e-06,1.6828764907140355e-05,6.870314503958301e-06,-0.0007162093948891391
normal,5,2320.6185052804235,0.040652312661921285,993901.1666666666,1.3017082793177759,-0.0007670711943565814,3.0124944687934757e-06,0.5731876276969773,0.6627361410051947,-0.0007723454135564566,1.9752006697227016e-06,7.429805787941248e-06,3.0332055114055295e-06,-0.0007723453826633386
normal,6,2320.619697373319,0.032634799739404884,994860.0,0.7302967433402215,0.0006779063688484086,3.1496539475945396e-06,0.5731879221412806,0.6627359376722185,0.0006825674232972272,1.1081522404534167e-06,7.768112833808146e-06,3.1713187845325703e-06,0.0006825674839572599
normal,7,2320.6449548415426,0.031104989527640754,994686.6666666666,2.8480012484391772,0.00041669278356192295,3.4965754390561325e-06,0.5731941606799545,0.662731629556923,0.00041955787933694704,4.321525307795972e-06,8.623713283186346e-06,3.5206162053113333e-06,0.000419557877649752
normal,8,2320.637330414065,0.022234235497943358,994683.1666666666,2.151227040035007,0.0004114174214169684,2.8865880574321768e-06,0.5731922774632654,0.6627329300396744,0.00041424620722670444,3.2642414137061496e-06,7.11929348985605e-06,2.906439396544242e-06,0.00041424623782277786
normal,9,2320.633803805916,0.006315399405502379,993576.6666666666,3.8441875315569325,-0.0012561028310351134,6.085391097109404e-06,0.5731914063988685,0.6627335315660239,-0.0012647395616749697,5.833109554130824e-06,1.5008573858554274e-05,6.127224620055407e-06,-0.0012647395115478032
normal,10,2320.61284283917,0.05803755747692751,993473.8333333334,2.903063515973734,-0.0014110672475233209,6.27451551331124e-06,0.5731862290865372,0.662737106836956,-0.0014207695513812559,4.405090396468751e-06,1.547494352889539e-05,6.3176192406963625e-06,-0.0014207693755676442
normal,11,2320.6451038531545,0.027566655679159197,993377.8333333334,3.8851569394870586,-0.0015557533826411547,8.104463100123085e-06,0.5731941974854924,0.6627316041403258,-0.0015664506354899853,5.895303421285703e-06,1.9988203860374896e-05,8.160150055441239e-06,-0.0015664504232982535
normal,12,2320.6399877878116,0.024728196571455488,995206.1666666666,1.7400510848184252,0.0011995914629797913,5.571784819427299e-06,0.5731929338286913,0.6627324767769142,0.0012078395841450193,2.6403421694349653e-06,1.3741839784261461e-05,5.610082599753042e-06,0.0012078395970566045
normal,13,2320.626080037364,0.030249014713749245,995088.0,0.8563488385776754,0.0010215078474381388,3.152498485279568e-06,0.5731894986451539,0.6627348489937298,0.0010285314081898136,1.2994337425917654e-06,7.775166814645912e-06,3.1741985601505532e-06,0.001028531492200561
normal,14,2320.650219918498,0.050351256584776544,994995.8333333334,2.70082291986062,0.0008826164765413552,5.953677141893557e-06,0.5731954611422936,0.6627307315039048,0.0008886849824111601,4.0982193601107325e-06,1.4683816502835123e-05,5.994642984767499e-06,0.0008886851756637081
normal,15,2320.6023871910656,0.019717489473911092,993303.3333333334,2.812669747963865,-0.0016680087515970419,5.862549437350352e-06,0.573183646564628,0.6627388902373703,-0.001679477607809659,4.267875389827155e-06,1.4458941853875422e-05,5.90283829376104e-06,-0.001679477511789651
normal,16,2320.634548863976,0.031816274721091616,993142.8333333334,0.7031674369909664,-0.0019098995750953262,3.4434919736311574e-06,0.573191590426558,0.6627334044829858,-0.0019230316878839444,1.0670983551233398e-06,8.492725976853375e-06,3.4671408614284315e-06,-0.0019230316175219734
normal,17,2320.631941160767,0.0536036650772443,993076.0,3.983298465677242,-0.0020106175980251282,4.213109636678373e-06,0.5731909463296447,0.6627338492736351,-0.0020244421791149707,6.044256336154366e-06,1.0390847510545601e-05,4.242045732650929e-06,-0.0020244421457256494
normal,18,2320.588181417394,0.06859639332248903,995569.6666666666,5.523686369727296,0.0017473718689898516,7.095798156500083e-06,0.5731801377700148,0.6627413132908359,0.0017593860862992487,8.381513183761633e-06,1.7500752516572925e-05,7.144652296722046e-06,0.0017593862655487997
normal,19,2320.62449058017,0.04407536900418984,995430.1666666666,4.077717226313981,0.0015371589383275858,8.385672459010713e-06,0.5731891060527498,0.6627351201043017,0.0015477279673301906,6.187473717643937e-06,2.0681875005870837e-05,8.443340114734067e-06,0.0015477280725866977
normal,20,2320.646246275513,0.0315600042961527,995376.8333333334,2.903063515973734,0.0014567925482063561,5.0194007162677965e-06,0.573194479661283,0.6627314092797512,0.0014668092278326465,4.405093319008666e-06,1.2379415901908583e-05,5.05387537889534e-06,0.001466809157709169
normal,21,2320.610880852946,0.04190901380559213,994339.5,3.5095108870990366,-0.00010649552598730586,4.464546301492305e-06,0.5731857444802881,0.662737441489237,-0.00010722783652502309,5.325244370743043e-06,1.1011046911086378e-05,4.495241077668414e-06,-0.00010722776046023135
normal,22,2320.607925455976,0.017730729522990075,994303.3333333334,3.0840089349921014,-0.00016099913176842809,6.2430116747620815e-06,0.5731850145037864,0.6627379455857574,-0.00016210611068939647,4.679594707313291e-06,1.5397342783638834e-05,6.285938869106652e-06,-0.00016210611859608103
normal,23,2320.6052929174984,0.05762673876360616,994219.3333333334,4.005551702879948,-0.00028758784646565837,6.266315521559297e-06,0.5731843642726169,0.6627383946129569,-0.00028956532134397095,6.0779169999660786e-06,1.545480212321089e-05,6.309396546258127e-06,-0.00028956522080301117
normal,24,2320.627942682513,0.0422545849248746,994413.8333333334,3.124277694301695,5.5259154160075216e-06,7.011443302008039e-06,0.5731899587143776,0.6627345312860488,5.563732930445282e-06,4.7407218252921265e-06,1.7292549500890394e-05,7.059653771500232e-06,5.563911114546575e-06
normal,25,2320.6358651332143,0.03667655115272706,994301.3333333334,1.8915014612148144,-0.0001640142724217572,5.340824311842183e-06,0.5731919155421427,0.6627331799696269,-0.0001651420459748674,2.870136012984644e-06,1.3172244972360692e-05,5.377546491537468e-06,-0.00016514199830084894
normal,26,2320.6500212363485,0.014931561659358232,994262.5,1.7272328544042155,-0.0002225377594645101,4.962024355931291e-06,0.5731954120682431,0.6627307653926948,-0.00022406797215523597,2.620886611827687e-06,1.2237993043098603e-05,4.996139738553654e-06,-0.0002240678851720514
normal,27,2320.6289857637967,0.010650091610421507,993936.0,1.0327955589886446,-0.0007145787078671915,3.839210428919848e-06,0.5731902163531429,0.6627343533697571,-0.000719492019825126,1.5671474128053378e-06,9.468767203068685e-06,3.8656080234530846e-06,-0.0007194919843486726
normal,28,2320.596352220782,0.02670097265832756,993843.3333333334,3.955305859784355,-0.0008542221153015347,6.821316518030629e-06,0.5731821559403429,0.6627399196113246,-0.0008600955386805602,6.0016631233981316e-06,1.682362634193235e-05,6.868216693496696e-06,-0.0008600954979232749
normal,29,2320.637628437289,0.028047341021137737,993854.5,1.927865832122834,-0.0008374027152543499,4.429938374791584e-06,0.5731923510743412,0.6627328792064654,-0.0008431605377455392,2.925322460377113e-06,1.0925704222405858e-05,4.460400070911002e-06,-0.0008431605138215814
normal,30,2320.5760866415585,0.05108810828381663,993926.5,4.318564576337837,-0.0007288856176201337,7.701258173401777e-06,0.5731771503871886,0.6627433762761852,-0.000733897158159357,6.5528307083218464e-06,1.899388136369109e-05,7.754219596000317e-06,-0.0007338971974535118
normal,31,2320.6246644270504,0.03572109625681717,994653.3333333334,2.1081851067789197,0.00036645673338172994,3.958072004233162e-06,0.5731891489925439,0.6627350904515823,0.00036897634074690896,3.1989207034852684e-06,9.761929305577524e-06,3.98529095063111e-06,0.00036897640183390813
normal,32,2320.605690281797,0.01198566148096791,994567.5,0.9916316520429012,0.00023710313849718175,3.1776655998207427e-06,0.573184462420718,0.6627383268352636,0.00023873335485076697,1.5046753688014621e-06,7.837180573479852e-06,3.1995155711797475e-06,0.0002387333946699515
normal,33,2320.599878828931,0.039339919998838145,994805.6666666666,5.43241300999023,0.0005960221688978755,1.0301884606208455e-05,0.5731830270047399,0.6627393180841296,0.0006001201310743611,8.242986922663034e-06,2.5407874559387863e-05,1.0372721353190373e-05,0.0006001202478420824
normal,34,2320.6033806018118,0.033825169135833486,994737.1666666666,1.869343319041327,0.000492792363566074,3.9867951108346814e-06,0.5731838919348805,0.6627387207931204,0.0004961806819754734,2.836492890601278e-06,9.832741201098782e-06,4.014199785922169e-06,0.0004961806662705308
normal,35,2320.6553856543783,0.015264184993776924,993382.3333333334,5.01109879279097,-0.001548975990103121,9.060543214026249e-06,0.5731967370676074,0.6627298503954558,-0.001559626514785306,7.603806461449978e-06,2.234630852391485e-05,9.122842253066289e-06,-0.001559626459961799
normal,36,2320.6009467454837,0.06491128577009384,993609.8333333334,2.0561560684388183,-0.0012061099726298865,4.333695014249301e-06,0.5731832907777616,0.662739135931544,-0.0012144027229117871,3.120018839116978e-06,1.0688470668273197e-05,4.3635498779956764e-06,-0.0012144028446497371
normal,37,2320.625856519946,0.032354117894783416,993503.0,2.280350850198276,-0.001367117291602827,2.9898825218882665e-06,0.5731894434368471,0.6627348871186529,-0.0013765173672793977,3.4601808924990545e-06,7.373898252009937e-06,3.010381355437525e-06,-0.0013765172629378608
normal,38,2320.6405589989904,0.014494033598309189,993433.1666666666,2.0398801707725656,-0.0014723629946703154,4.679649161425212e-06,0.5731930749165864,0.6627323793466073,-0.001482486742705771,3.0952932711305084e-06,1.154150678878897e-05,4.711800415900167e-06,-0.0014824866488512688
normal,39,2320.6535726797665,0.02869776276690552,995201.5,4.36463056855904,0.001192562939813413,7.90845169702799e-06,0.5731962892668964,0.6627301596306131,0.0012007626458439996,6.6228606492749795e-06,1.950491013117936e-05,7.962846216705257e-06,0.0012007627767825712
normal,40,2320.615003507543,0.051631289440464155,995053.6666666666,1.1450376024878448,0.000969764118004478,2.750646531359164e-06,0.5731867627668367,0.6627367382958651,0.0009764318776013545,1.7375028741549555e-06,6.784084104359917e-06,2.7695907379680035e-06,0.0009764319663025748
normal,41,2320.6376781078266,0.01768475138762182,995035.5,0.8465616732800196,0.0009423921342197228,3.4989676567690215e-06,0.5731923633428538,0.6627328707342639,0.0009488717390712407,1.2845690805284353e-06,8.629656379520974e-06,3.5230424642300074e-06,0.0009488718174660847
normal,42,2320.6086953493045,0.03622238364443591,995217.0,2.0,0.0012159079429527968,5.74263072798788e-06,0.5731852046657324,0.6627378142664903,0.0012242680769807691,3.0347708342930006e-06,1.416328136162264e-05,5.7821354032411374e-06,0.001224268199117745
normal,43,2320.59565683326,0.041007089939795106,993113.5,2.86065260619554,-0.001954086108540973,6.7301328841252436e-06,0.5731819841811662,0.6627400382223302,-0.0019675219327685155,4.340717324332945e-06,1.6598703010052986e-05,6.776392127771509e-06,-0.001967521833280827
normal,44,2320.6524799279455,0.037931000950232094,992991.8333333334,7.507403753036807,-0.002137469342655163,1.327584375765301e-05,0.5731960193596184,0.6627303460189373,-0.002152166647483516,1.1391689260985437e-05,3.2742437072764977e-05,1.3367043960576914e-05,-0.0021521661693855673
normal,45,2320.623844863185,0.02139864178922529,993177.0,3.3366650016645867,-0.0018584044966695405,6.19852022263609e-06,0.5731889465620854,0.6627352302429763,-0.0018711825697957751,5.063000973293519e-06,1.5287510684934263e-05,6.241100102572453e-06,-0.0018711824348491576
normal,46,2320.5965260676626,0.03154513226524489,993124.0,2.1908902300206647,-0.0019382631429443907,5.275771746982469e-06,0.5731821988801372,0.6627398899585737,-0.001951589993817014,3.324429932355276e-06,1.3011959252936953e-05,5.312110120596956e-06,-0.0019515900777113588
normal,47,2320.621237159976,0.029348145124924955,995423.0,2.955221367906867,0.0015263573331303563,3.4296865870979087e-06,0.5731883024651722,0.6627356750338044,0.0015368521212267927,4.484207189064381e-06,8.458845346622093e-06,3.4533091520566726e-06,0.001536852189585724
normal,48,2320.6203927608417,0.03181760059101478,995614.3333333334,2.3190036174568114,0.0018146995797998129,6.199000036801393e-06,0.5731880939004576,0.6627358190613198,0.0018271769232789004,3.5188405447751277e-06,1.528881321763045e-05,6.2416318593189445e-06,0.0018271770032976021
normal,49,2320.6316679728116,0.017889287214070626,995413.6666666666,4.883077353927997,0.001512295787720717,6.1608521033685205e-06,0.5731908788528252,0.6627338958707533,0.0015226940041756182,7.409503304457069e-06,1.5194702772501221e-05,6.203211430980144e-06,0.001522693987873622
normal,50,2320.62615454317,0.019146136946152435,995454.8333333334,1.7591033069278348,0.001574332616614144,4.916203631320767e-06,0.5731895170479229,0.6627348362854221,0.0015851573617298976,2.6692432668511515e-06,1.2124932568458048e-05,4.949982993062615e-06,0.0015851573521362663
normal,51,2320.6198960554684,0.017755730391999902,992847.1666666666,1.8514258769331757,-0.0023554671507948995,4.911902151084767e-06,0.573187971215331,0.6627359037833901,-0.0023716626984069344,2.8093388577597887e-06,1.211454089916341e-05,4.945740611838013e-06,-0.0023716627561974225
normal,52,2320.6089933725284,0.03654631779583024,994349.5,2.0289570391377603,-9.142540095832974e-05,3.8056960031585686e-06,0.5731852782768082,0.6627377634332267,-9.205404135543233e-05,3.078687410608814e-06,9.386108365668816e-06,3.831862694392857e-06,-9.205401745173069e-05
normal,53,2320.621783535886,0.029238757246573138,994275.8333333334,1.887090647295755,-0.0002024426577743855,3.1288489670460505e-06,0.5731884374188111,0.6627355818395321,-0.00020383461969642236,2.8634327309015437e-06,7.716780384040634e-06,3.1503623996696617e-06,-0.00020383460369316942
normal,54,2320.621584853737,0.015057764959173879,994391.8333333334,1.5365907428821477,-2.762864045088199e-05,3.3622762724360707e-06,0.5731883883447607,0.662735615728358,-2.7818619131502157e-05,2.331590874288744e-06,8.29248937636835e-06,3.385394611592125e-06,-2.7818608272188275e-05
normal,55,2320.6029832375134,0.031637379560457514,994283.3333333334,3.711842908553349,-0.00019113900596140422,7.872733780050087e-06,0.5731837937867795,0.6627387885708196,-0.00019245334371404535,5.632246584068514e-06,1.941676962053846e-05,7.926863003915497e-06,-0.00019245322402123568
normal,56,2320.641999444573,0.07317871523632245,993847.6666666666,3.5652645218989174,-0.0008477015481678918,3.8015714241987604e-06,0.573193430703453,0.6627321336527987,-0.0008535302987944672,5.409910896210536e-06,9.375829268034923e-06,3.82766627035631e-06,-0.0008535301647822944
normal,57,2320.6592102857517,0.04297848388542064,994033.5,3.6945906403822337,-0.0005676483008494099,7.744733723945332e-06,0.5731976817430803,0.6627291980364256,-0.0005715517095859251,5.60615305340276e-06,1.9101014266420025e-05,7.797956420391834e-06,-0.0005715513464324412
normal,58,2320.570970576215,0.04213211953073496,993920.8333333334,3.7896056669673577,-0.0007374241610674341,5.711135401969273e-06,0.5731758867303874,0.6627442489150336,-0.000742494562102621,5.750199834408035e-06,1.4085507877499157e-05,5.750384511304307e-06,-0.0007424944411741787
normal,59,2320.631941160767,0.05881960607257471,993855.0,3.855731664245668,-0.0008366479439528614,5.092311517004715e-06,0.5731909463296447,0.6627338492736351,-0.0008424006119464949,5.850636861499034e-06,1.2559294705884472e-05,5.1273105931091815e-06,-0.0008424005439485095
normal,60,2320.596650244006,0.03932833527059033,994829.0,3.4253953543107016,0.0006311851221714177,7.315927667509807e-06,0.5731822295514187,0.6627398687780375,0.0006355249204614467,5.197594530472994e-06,1.8043502781988284e-05,7.366229164726674e-06,0.0006355249676296966
normal,61,2320.628538728961,0.015470091968793976,994642.5,3.1064449134018135,0.00035013115445535703,7.056016631361486e-06,0.5731901059365292,0.6627344296195956,0.000352538404302695,4.713663674244558e-06,1.7402497724307526e-05,7.104539945749815e-06,0.00035253857505163517
normal,62,2320.5822954587225,0.041351092446093037,994753.8333333334,3.9531984237801403,0.0005179064701137556,6.542574516863375e-06,0.5731786839512678,0.6627423172486814,0.0005214673874199492,5.998443164347525e-06,1.6136162544167354e-05,6.587560773303341e-06,0.0005214674315225067
normal,63,2320.6325123719457,0.011225986307248994,994833.5,1.1474609652039005,0.0006379725096355872,3.3416631425648495e-06,0.5731910874175399,0.6627337518432987,0.0006423590119805899,1.7411397911057285e-06,8.241664978435461e-06,3.364645638022168e-06,0.0006423590639051131
normal,64,2320.6408073516773,0.036335546146441765,993420.8333333334,1.815060452008264,-0.001490949773569665,3.2435246155622223e-06,0.5731931362591498,0.6627323369856047,-0.0015012012738294341,2.7541860669952424e-06,7.999567783840696e-06,3.265809872202758e-06,-0.0015012012273601407
normal,65,2320.6718514374975,0.04932191928376333,993445.8333333334,4.377340643714071,-0.0014532852847250624,9.116963614974544e-06,0.5732008040795453,0.6627270418634145,-0.0014632782968742699,6.642198303776175e-06,2.2485263975426667e-05,9.179570578596623e-06,-0.0014632778429242322
normal,66,2320.6355174394535,0.01383716363634751,993641.8333333334,2.5873624493766707,-0.001157895780187784,3.825477420195322e-06,0.5731918296625543,0.6627332392750414,-0.0011658572187111832,3.926026996038533e-06,9.434907462925477e-06,3.8517848424240696e-06,-0.0011658572148733014
normal,67,2320.634375017095,0.02957705103355748,993475.1666666666,1.2494443209327541,-0.0014090657785248942,4.002886362907653e-06,0.5731915474867637,0.6627334341356943,-0.0014187542459669093,1.895919983769361e-06,9.872433915034113e-06,4.0304042685301395e-06,-0.0014187541994344743
normal,68,2320.6384480011548,0.03375194684022387,995080.3333333334,3.323318288163872,0.0010099571802279468,4.821141665800109e-06,0.5731925535047996,0.6627327394151435,0.0010169013909440041,5.0427641633549025e-06,1.1890553416612304e-05,4.854298105001219e-06,0.001016901427238289
normal,69,2320.6291347754086,0.0226788543976341,995210.8333333334,4.600120771361457,0.0012066209143278116,5.260419269631152e-06,0.5731902531586809,0.6627343279531445,0.0012149173271700884,6.980145281517406e-06,1.2973978167583064e-05,5.296604407431268e-06,0.001214917358888057
normal,70,2320.625707508334,0.044201019652086435,995124.8333333334,1.815060452008264,0.0010770162272014175,3.15516643909317e-06,0.5731894066313091,0.6627349125352687,0.0010844215036794618,2.7541664286826345e-06,7.781699902341288e-06,3.1768656820336406e-06,0.001084421533335689
normal,71,2320.5920060487674,0.04494342178863296,995015.5,1.802775637731995,0.0009122409854997975,3.4756914659641758e-06,0.5731810824454876,0.6627406609301603,0.0009185132320607435,2.735494726403981e-06,8.57223335234491e-06,3.4995996115521197e-06,0.000918513282213795
normal,72,2320.615028342812,0.020111063271902607,993231.5,3.518996068956789,-0.0017762680383685006,4.354162450893018e-06,0.5731867689010931,0.6627367340597606,-0.0017884812956576698,5.3396517429551325e-06,1.0738677018948696e-05,4.3840465348293786e-06,-0.0017884811984761823
normal,73,2320.6212619952444,0.015883671608597986,993061.1666666666,2.7497474631520458,-0.002032966149927164,6.575402648967858e-06,0.5731883085994285,0.6627356707977011,-0.002046944404923339,4.172419731141095e-06,1.6217100481145344e-05,6.620603547708278e-06,-0.002046944322943263
normal,74,2320.629780492394,0.0398263078030262,993091.5,2.6425997300638127,-0.0019872576802608013,6.845813612503419e-06,0.5731904126493451,0.6627342178144919,-0.002000921625737083,4.009888840531831e-06,1.6884088798289268e-05,6.892900387941654e-06,-0.002000921603536342
normal,75,2320.650145412692,0.03355104333701352,993192.0,1.341640786499874,-0.0018358116418414235,3.6531138535577347e-06,0.5731954427395247,0.6627307442122011,-0.0018484343801618034,2.0358587536044703e-06,9.009746700358813e-06,3.6782136879339165e-06,-0.001848434322905358
normal,76,2320.6527034453634,0.0331256233976077,995465.8333333334,2.104228546944884,0.0015909206349838756,3.1049949972500427e-06,0.5731960745679253,0.6627303078940522,0.0016018594981621888,3.19296907049145e-06,7.65792766437318e-06,3.126335877476274e-06,0.0016018595007522226
normal,77,2320.6068823746923,0.06505454490728779,995415.1666666666,2.8915585954829126,0.001514546876398642,6.195918941852413e-06,0.5731847568650212,0.6627381235021895,0.00152496035107874,4.387649690069113e-06,1.5281267481481715e-05,6.2385513254359325e-06,0.0015249604887919456
normal,78,2320.602585873215,0.028139575941580536,995578.3333333334,2.290075204975689,0.0017604389150061726,5.686530287273625e-06,0.5731836956386785,0.6627388563485198,0.0017725431644432608,3.4749210719853063e-06,1.4024854968566842e-05,5.7256230649210286e-06,0.0017725431999790519
normal,79,2320.593098800588,0.0510170971265306,995438.5,1.7272328544042155,0.001549704846571193,3.0762376891067534e-06,0.5731813523527655,0.6627404745414132,0.0015603601970435503,2.6209299743888104e-06,7.586922000877604e-06,3.0973479367409533e-06,0.001560360156784866
normal,80,2320.6426699968265,0.02372564569233285,992693.3333333334,1.8737959096740262,-0.002587311438117185,5.200167771628802e-06,0.5731935963283735,0.6627320192780993,-0.0026051013704436695,2.843323695166319e-06,1.2825218052278783e-05,5.235873344669089e-06,-0.0026051012500477064
normal,81,2320.6368833792294,0.014798023434253186,994410.6666666666,2.6915505650915135,7.535223773538981e-07,5.202331881901447e-06,0.5731921670466517,0.662733006289489,7.586925999380756e-07,4.084118992189458e-06,1.2830677363750926e-05,5.238102099244701e-06,7.587032800651123e-07
normal,82,2320.6571986289905,0.052327472537834936,994274.8333333334,1.3519533193782165,-0.00020395147034019066,2.386937331889908e-06,0.5731971848683187,0.6627295411603193,-0.0002053538707516874,2.0514465892087816e-06,5.8869650328425216e-06,2.403343410678499e-06,-0.00020535380290232137
normal,83,2320.614655813782,0.036773249589560984,994216.3333333334,3.527668414752788,-0.0002921098885984307,7.560861429148898e-06,0.5731866768872483,0.6627367976013259,-0.0002941181486741361,5.3528019768781e-06,1.864762712758828e-05,7.612861896045472e-06,-0.00029411836253279513
normal,84,2320.6260303668264,0.03575025655308061,994458.6666666666,2.472066162365221,7.30903741293014e-05,4.02018632615434e-06,0.5731894863766412,0.662734857465935,7.359297663069161e-05,3.7510661942452605e-06,9.915110755885045e-06,4.0478270158499305e-06,7.359292563011587e-05
normal,85,2320.638870200722,0.015679884023433503,993901.0,0.7302967433402215,-0.0007673264110815456,2.8450743518654588e-06,0.573192657787157,0.6627326674014341,-0.0007726023593398857,1.1081475015943987e-06,7.016941803642713e-06,2.8646544956215533e-06,-0.0007726023822134585
normal,86,2320.6180830808566,0.025764208670579547,993902.8333333334,2.993511501750263,-0.0007645592905893476,5.943931859314726e-06,0.5731875234146201,0.6627362130189592,-0.000769816366535925,4.542291199457852e-06,1.4659656571661128e-05,5.984779734167991e-06,-0.000769816206335591
normal,87,2320.629010599065,0.023037010685308733,993986.1666666666,2.625727412441064,-0.0006389765715639458,4.350504431363885e-06,0.5731902224873993,0.6627343491336549,-0.0006433700211370277,3.984233875751564e-06,1.0729799861153948e-05,4.380422450335494e-06,-0.0006433700255920489
normal,88,2320.624093215871,0.027918341544050464,993824.1666666666,4.238055109494344,-0.0008831125072086276,8.774296156833685e-06,0.5731890079046486,0.6627351878819474,-0.0008891848000982354,6.430744350724758e-06,2.164027597013439e-05,8.83460566997358e-06,-0.0008891845741087692
normal,89,2320.6033557665432,0.03043590896586268,994689.3333333334,4.484541349024571,0.0004207070312240771,5.1089935862227925e-06,0.5731838858006243,0.6627387250292265,0.00042359971304632574,6.804718814987567e-06,1.260047266423625e-05,5.144121424211087e-06,0.0004235996955501156
normal,90,2320.6008970749463,0.06893626773769512,994777.8333333334,3.2292069889955615,0.0005540772175868133,7.256989217670409e-06,0.5731832785092489,0.662739144403757,0.0005578867914404896,4.8999156348583705e-06,1.78981559289305e-05,7.306891560441531e-06,0.0005578868960253853
normal,91,2320.593819023379,0.02274175478744671,994642.0,0.632455532033676,0.00034937438073719693,3.5110975133358904e-06,0.5731815302461987,0.6627403516942885,0.00035177656992052986,9.596704943832322e-07,8.659521948270845e-06,3.535235031615873e-06,0.0003517765755438173
normal,92,2320.6083228202747,0.02771555673098375,994658.8333333334,2.181997046540419,0.00037474381135422233,5.331868083885781e-06,0.5731851126518877,0.6627378778080706,0.0003773203461527326,3.310906867372893e-06,1.3150168790277455e-05,5.368533927942017e-06,0.00037732044907464943
normal,93,2320.614705484319,0.02230389648938314,993607.6666666666,0.9189365834726816,-0.0012093792147858217,4.21789288611344e-06,0.5731866891557609,0.6627367891291173,-0.0012176946723735996,1.3943924624776151e-06,1.0402688495026165e-05,4.246879794322528e-06,-0.0012176945933143884
normal,94,2320.5944647403644,0.026635158198925563,993491.6666666666,3.5559027608252243,-0.0013841856856625062,6.005242234502251e-06,0.573181689736863,0.6627402415554897,-0.0013937030905884639,5.395624495288643e-06,1.4810821170651423e-05,6.046492423284434e-06,-0.0013937029381412367
normal,95,2320.615102848618,0.043234184234402895,993453.3333333334,0.7149203529842407,-0.0014419620936959561,3.5580471246622916e-06,0.5731867873038621,0.6627367213514477,-0.0014518766000082002,1.0849276611431656e-06,8.775443357713875e-06,3.582559748849152e-06,-0.0014518766538368303
normal,96,2320.6088443609165,0.05311009742360687,993621.6666666666,1.3824294235551813,-0.0011882792814696312,4.464761956218859e-06,0.5731852414712704,0.6627377888498582,-0.0011964495960183816,2.0977279267471823e-06,1.1011596035119198e-05,4.495465256616065e-06,-0.0011964495703624919
normal,97,2320.6574221464084,0.014891306612450141,995057.0,3.9242833740697174,0.0009747980391812865,5.856938128274018e-06,0.5731972400766255,0.6627295030354411,0.000981500515068503,5.954682501000815e-06,1.4445178167400316e-05,5.897219292287097e-06,0.0009815005723912583
normal,98,2320.642545820483,0.010087895403556988,995050.6666666666,4.751607914988124,0.0009652498948795039,8.516481682065986e-06,0.5731935656570918,0.662732040458599,0.0009718866368951824,7.210030737267228e-06,2.1004494854204486e-05,8.57504911628599e-06,0.0009718867515414081
normal,99,2320.6038524719165,0.018029436771019737,995260.3333333334,0.421637021355784,0.0012812101057921826,2.473677139388537e-06,0.5731840084857507,0.6627386403071037,0.0012900193507316515,6.398135490999043e-07,6.100864761093672e-06,2.490667609067716e-06,0.0012900193504464987
normal,100,2320.6051439058865,0.013436669624766518,995093.0,2.489979919597747,0.0010290374579026255,4.917296006369165e-06,0.573184327467079,0.6627384200295922,0.0010361127301739788,3.778230082440899e-06,1.212773544849365e-05,4.951127264045524e-06,0.0010361128364999794
normal,101,2320.5985377244237,0.046203251220306565,993044.8333333334,3.07046865767716,-0.0020575688916111344,5.844995042438514e-06,0.5731826957548988,0.6627395468338987,-0.0020717161470296076,4.6591046934829375e-06,1.4415736466139502e-05,5.885199768079022e-06,-0.0020717161447123375
normal,102,2320.6432908785428,0.03976949807606642,993227.1666666666,1.7591033069278348,-0.0017828113798740517,3.6052707109453124e-06,0.5731937496847813,0.6627319133756026,-0.0017950696517052486,2.6693073778002174e-06,8.891782820512172e-06,3.630055135650041e-06,-0.0017950696200449898
normal,103,2320.631717643349,0.021662974926235326,993055.6666666666,1.1450376024878444,-0.002041260178516677,4.524237768337953e-06,0.5731908911213379,0.6627338873985499,-0.0020552955206997047,1.7375034585986777e-06,1.1158181164128775e-05,4.55530838494165e-06,-0.0020552954167229027
normal,104,2320.6477363916324,0.05304042663704876,993066.5,1.802775637731995,-0.002024942422876232,3.9719355073350415e-06,0.5731948477166621,0.662731155113797,-0.0020388656086181398,2.735657345313195e-06,9.796011694415272e-06,3.999205027609045e-06,-0.002038865521308983
normal,105,2320.665692290871,0.05423904516423064,995641.8333333334,2.8915585954829126,0.0018561641699558718,3.6232153539497984e-06,0.5731992827839789,0.6627280924151664,0.0018689266284514603,4.38771990939187e-06,8.936411933278265e-06,3.6482748946417173e-06,0.0018689268436757845
normal,106,2320.648059250125,0.04831728801105623,995444.8333333334,3.2804132530995416,0.0015592710116726681,3.6091844578040244e-06,0.5731949274619941,0.6627311000445089,0.0015699924026361305,4.9777041169782366e-06,8.901228218451788e-06,3.63391120321164e-06,0.0015699922469295568
normal,107,2320.621584853737,0.02270245967228708,995470.1666666666,2.181997046540419,0.0015974383985806393,5.745883952039676e-06,0.5731883883447607,0.662735615728358,0.0016084219788827518,3.3109318909026265e-06,1.4171219863109535e-05,5.785376282902007e-06,0.001608421991135071
normal,108,2320.631941160767,0.023096853334582893,995618.3333333334,2.666666666666667,0.0018207329317419354,3.552725807959748e-06,0.5731909463296447,0.6627338492736351,0.001833251887121273,4.0463717244460105e-06,8.762166325885448e-06,3.577139423302762e-06,0.0018332518759703416
normal,109,2320.636635026543,0.02183327477091693,994338.5,4.55887413001646,-0.0001080032525455805,5.60707674463699e-06,0.5731921057040885,0.6627330486504975,-0.00010874593237350386,6.91756772123721e-06,1.3828906550806339e-05,5.6456274583512045e-06,-0.00010874585859227859
inverted,0,2320.635095239886,0.007828879030864554,994373.0,2.23606797749979,0.0,0.0,0.5731917253801968,0.66483679835026,0.0,0.0,0.0,0.0,0.0
inverted,1,2320.6275701534832,0.02065654296835259,994490.1666666666,3.166666666666667,0.00017657909150768736,3.4460804460793428e-06,0.5731898667005328,0.6648380818890833,0.00017723066347518772,4.790018040428395e-06,8.4722894893387e-06,3.4587977003374795e-06,0.0001772306862873344
inverted,2,2320.665592949796,0.038151811540949765,994486.5,2.217355782608345,0.00017105478996457877,5.274908304551689e-06,0.5731992582469536,0.6648315964210516,0.00017168600171253452,3.3540880968624017e-06,1.296851171125771e-05,5.294372735981547e-06,0.00017168600542407926
inverted,3,2320.6227024408267,0.05116548540338451,994377.0,2.23606797749979,6.02829966214563e-06,2.751530620075024e-06,0.5731886643862949,0.6648389121652148,6.0505414102822195e-06,3.3823554744770033e-06,6.7647166444937216e-06,2.761684005587002e-06,6.050544634869997e-06
inverted,4,2320.6445823125127,0.025306407594782546,993915.8333333334,0.792324288266981,-0.0006889878231897073,3.2388399727244393e-06,0.5731940686661098,0.6648351801599172,-0.000691530343851702,1.1985138753216316e-06,7.96276488470469e-06,3.250785151546369e-06,-0.0006915302688438378
inverted,5,2320.6628859055127,0.030056347616816196,993950.1666666666,2.6002136664341857,-0.0006372476920663885,2.9986569455565567e-06,0.5731985896130151,0.6648320581555694,-0.0006395992420521598,3.933219019965531e-06,7.372279752418128e-06,3.009720605746052e-06,-0.0006395992217095738
inverted,6,2320.610408982842,0.02412345409973186,993974.3333333334,1.1737877907772671,-0.0006008181984851413,3.2896265050490675e-06,0.5731856279294183,0.6648410090367323,-0.0006030353919453607,1.7755117493055571e-06,8.087610246210126e-06,3.301753056953306e-06,-0.0006030352682896222
inverted,7,2320.638621848035,0.0249823175789913,994780.8333333334,1.3017082793177757,0.0006146376368231444,4.146483903285577e-06,0.5731925964445937,0.6648361968239396,0.0006169056375284987,1.9690224625754027e-06,1.0194260257077056e-05,4.161789322495409e-06,0.0006169057184077952
inverted,8,2320.6599553438114,0.033624224216701804,994760.0,1.0954451150103324,0.0005832431873860259,4.135267815032169e-06,0.5731978657707698,0.6648325580150086,0.0005853954763200723,1.657033062623616e-06,1.0166652697640763e-05,4.150518583551663e-06,0.0005853954312478847
inverted,9,2320.613116027125,0.024793818876161878,994793.1666666666,1.661659144081936,0.0006332207983551802,3.1006782958014464e-06,0.5731862965633566,0.664840547301305,0.00063555739085193,2.5134818410800364e-06,7.623114508927991e-06,3.112123466280123e-06,0.0006355574385456408
inverted,10,2320.6098377716626,0.022619747055443364,993538.3333333334,1.5420044674960502,-0.0012579003097513998,5.617720199411638e-06,0.5731854868415229,0.6648411064671496,-0.0012625421405897308,2.332496008282599e-06,1.381132168437431e-05,5.638448466692294e-06,-0.0012625420679314827
inverted,11,2320.6158975772146,0.03282566435806857,993555.0,2.7688746209726918,-0.001232784531322706,1.8330593246884609e-06,0.5731869836000641,0.664840072857612,-0.0012373335582348483,4.188304213386261e-06,4.506694904919697e-06,1.839850490575668e-06,-0.001237333617464219
inverted,12,2320.6159720830206,0.04100283010906551,993521.5,5.011653087222486,-0.001283271593519643,6.481302623978504e-06,0.573187002002833,0.6648400601492995,-0.0012880067786994747,7.580803206246513e-06,1.5934537054847907e-05,6.505247511974737e-06,-0.001288006982081553
inverted,13,2320.6518342109607,0.01843928277952237,995254.0,1.8618986725025257,0.001327742189750311,6.016483662934521e-06,0.5731958598689543,0.6648339432189962,0.0013326417056588784,2.8164034547285926e-06,1.4791677984168667e-05,6.038677250128818e-06,0.0013326417229409893
inverted,14,2320.6261793784383,0.035414006465665594,995185.1666666666,3.2804132530995416,0.0012239963707288385,3.990988803934683e-06,0.5731895231821791,0.6648383191108198,0.0012285131080464382,4.96208680691457e-06,9.81191886195578e-06,4.00569910156358e-06,0.001228513039195905
inverted,15,2320.6527034453634,0.025719555688205872,995170.3333333334,2.9514591494904874,0.0012016496426244807,2.258778698763401e-06,0.5731960745679253,0.6648337949555523,0.001206083870909954,4.4645237312442885e-06,5.553286181579159e-06,2.2671195900862855e-06,0.0012060838798981148
inverted,16,2320.6482827675427,0.02487818674963577,993175.8333333334,2.344023132233222,-0.0018042305779191045,6.2008756438146035e-06,0.5731949826703009,0.6648345489811175,-0.001810888507361662,3.5456967039416306e-06,1.5245010532877614e-05,6.223749488150872e-06,-0.0018108884063457481
inverted,17,2320.663755139916,0.04815095916211377,993093.1666666666,1.6616591440819355,-0.0019288239413948265,4.290224352305354e-06,0.5731988043119863,0.664831909892187,-0.0019359415352866332,2.513628382398014e-06,1.0547694435842022e-05,4.306078221767706e-06,-0.0019359415629808922
inverted,18,2320.588504275887,0.05261561031451523,993151.0,1.9148542155126764,-0.0018416284000195061,3.685842541057109e-06,0.5731802175153471,0.6648447452829244,-0.0018484241832648386,2.8965612203574452e-06,9.061723428683622e-06,3.699433098416424e-06,-0.0018484241268603302
inverted,19,2320.6518342109607,0.060233428182391406,995602.3333333334,2.6915505650915135,0.0018527104962548018,7.289898080304846e-06,0.5731958598689543,0.6648339432189962,0.0018595469581801358,4.071468524653043e-06,1.7922509439886942e-05,7.316833839656292e-06,0.0018595472284990474
inverted,20,2320.6402858110355,0.0077236968279478955,995637.5,2.4048561980570344,0.0019057038402044968,5.62694149174794e-06,0.5731930074397671,0.6648359130052104,0.0019127360318839052,3.6376914304690453e-06,1.3834009723152246e-05,5.647710819737364e-06,0.0019127361030209893
inverted,21,2320.6397394351247,0.02569597600531789,995634.8333333334,6.0410631882512575,0.0019016846576448672,6.365456989381543e-06,0.573192872486128,0.664836006199418,0.0019087020518592278,9.137975358588616e-06,1.564970584612472e-05,6.38896565794274e-06,0.0019087020884894668
inverted,22,2320.6084469966177,0.02034750397346879,992703.0,2.1291625896895083,-0.0025168044763023627,6.056960927698027e-06,0.5731851433231692,0.6648413436890439,-0.0025260918000850827,3.220666831634057e-06,1.4891179057583519e-05,6.079298393249751e-06,-0.00252609169358201
inverted,23,2320.600027840543,0.048355349830102014,994397.0,2.7202941017470885,3.616957718000243e-05,3.2087582775063354e-06,0.5731830638102778,0.6648427797289893,3.630303727623274e-05,4.1147891162080125e-06,7.888823321227507e-06,3.220598634662584e-06,3.630304563526787e-05
inverted,24,2320.612346133797,0.02652935207233681,994394.5,2.7172289806590344,3.24019880960078e-05,2.0863846437853295e-06,0.573186106401411,0.6648406786205502,3.2521573671504935e-05,4.110165703208632e-06,5.129435741578501e-06,2.0940833725436607e-06,3.2521554176183596e-05
inverted,25,2320.6472893567966,0.01123410991272306,994350.3333333334,1.5202339001321838,-3.41605518819453e-05,2.450753547576599e-06,0.5731947373000484,0.6648347184250819,-3.428661760157133e-05,2.2995740504246914e-06,6.025248124726822e-06,2.459797246540322e-06,-3.428660844966058e-05
inverted,26,2320.6478854032443,0.026646222524781358,993977.8333333334,2.0234733614368254,-0.0005955492695057152,5.763715877299695e-06,0.5731948845222,0.6648346167587024,-0.0005977469320945123,3.060800139686189e-06,1.4170269169737365e-05,5.784988163958063e-06,-0.0005977469181231679
inverted,27,2320.6409315280202,0.018217105596087954,993927.6666666666,1.3581032524975576,-0.0006711533951097179,4.613171385752495e-06,0.5731931669304312,0.6648358028666039,-0.0006736300940910917,2.0543275707669424e-06,1.1341608824001015e-05,4.630192413508279e-06,-0.0006736300273969681
inverted,28,2320.643415054886,0.02905318028053619,994039.8333333334,1.0461569884316813,-0.0005021094271635778,3.3087171557370714e-06,0.5731937803560629,0.6648353792566035,-0.0005039623563196028,1.5824673184002575e-06,8.134560972045038e-06,3.320920610511447e-06,-0.0005039622690348469
inverted,29,2320.614804825394,0.016897227843254127,994817.8333333334,1.2494443209327541,0.0006703954796083254,3.335563317012947e-06,0.5731867136927863,0.6648402592461998,0.0006728692626499681,1.8899526782171794e-06,8.200579169640996e-06,3.347872426819502e-06,0.0006728692986238523
inverted,30,2320.610185465424,0.025896105232176676,994785.8333333334,2.0398801707725656,0.0006221684473132779,5.85542591323431e-06,0.5731855727211114,0.664841047161678,0.0006244642893781211,3.085588061297554e-06,1.439572269107202e-05,5.8770291786219945e-06,0.0006244643013747303
inverted,31,2320.604175330409,0.051697452427282575,994813.1666666666,1.887090647295755,0.0006633608056740911,5.498817493176615e-06,0.5731840882310827,0.664842072299225,0.0006658084962804116,2.85448051097883e-06,1.351902264534775e-05,5.519117883705471e-06,0.0006658086598298514
inverted,32,2320.6238200279163,0.009817548865722165,993600.5,3.757215280851853,-0.0011642149848834211,8.817412135019661e-06,0.5731889404278292,0.6648387215405792,-0.0011685111448998242,5.683299660097944e-06,2.1677860552226486e-05,8.849949511360477e-06,-0.001168511051752161
inverted,33,2320.624788603394,0.025746161366152532,993552.6666666666,2.1395742047841617,-0.0012363036919923597,4.527484518145174e-06,0.5731891796638255,0.6648385563325684,-0.0012408658650237853,3.2364088954206016e-06,1.1130923728588564e-05,4.54418058347993e-06,-0.0012408657741450862
inverted,34,2320.6674804302143,0.05916676019614415,993557.0,2.7688746209726918,-0.001229786726160593,6.656229939542703e-06,0.5731997244504338,0.6648312744777457,-0.0012343246276523992,4.188388583386644e-06,1.636461576035469e-05,6.6808264082627925e-06,-0.001234324810828478
inverted,35,2320.657223464259,0.040050133580924754,995186.1666666666,1.4240006242195886,0.0012255131729944446,3.736478922988593e-06,0.5731971910025749,0.664833023985722,0.0012300355414039588,2.15405161850277e-06,9.186180864838161e-06,3.7502426339620304e-06,0.0012300354744876002
inverted,36,2320.6488043081845,0.049327041478181684,995193.5,2.4324199198877374,0.0012365625432473448,2.2927881996545082e-06,0.5731951114896836,0.6648344600230387,0.0012411256180721968,3.6794235853475505e-06,5.636870903674569e-06,2.3012429099906336e-06,0.0012411256088197403
inverted,37,2320.61746219914,0.048557843488715384,995190.6666666666,3.0514113310255495,0.0012322825619472011,2.5961920631136654e-06,0.5731873700582121,0.6648398059830566,0.0012368298438087807,4.615693004987894e-06,6.382776763131115e-06,2.6057577019607474e-06,0.0012368297972485233
inverted,38,2320.6230501345876,0.02162803716448372,993096.3333333334,1.7061978522759635,-0.0019240313741144752,3.3089942591199975e-06,0.5731887502658832,0.6648388528597718,-0.0019311313057105257,2.5808813180624686e-06,8.135211539739394e-06,3.3211862036604986e-06,-0.0019311312360092623
inverted,39,2320.6315934670056,0.021954860934853656,993074.6666666666,4.609169604651629,-0.001956689015527629,4.762454014112724e-06,0.5731908604500562,0.6648373956405584,-0.0019639093791781687,6.972018967798448e-06,1.1708629637657752e-05,4.780028033248298e-06,-0.0019639094032489137
inverted,40,2320.647910238513,0.04599940820362732,993106.0,3.3166247903554003,-0.0019094752248357,6.0051580448602225e-06,0.5731948906564562,0.6648346125226033,-0.0019165213862236206,5.0169291892733054e-06,1.4763893175652645e-05,6.027334149551286e-06,-0.0019165214184382977
inverted,41,2320.6544170789007,0.010241511806185674,995605.0,1.8439088914585775,0.0018567303494417227,4.1911759703241016e-06,0.5731964978316111,0.664833502664777,0.0018635819175094747,2.789191916879731e-06,1.0304099236060304e-05,4.206630897891617e-06,0.0018635819191470905
inverted,42,2320.6179092339758,0.042020595085217,995609.8333333334,2.3009659807229754,0.001863997331881485,5.42052286204594e-06,0.5731874804748257,0.6648397297331865,0.0018708755245783173,3.4805791884206176e-06,1.3326560835243246e-05,5.440545678750726e-06,0.0018708756537468582
inverted,43,2320.6464946281994,0.018511376653986028,995672.5,1.8929694486000914,0.0019584547563221678,6.103141571846146e-06,0.5731945410038461,0.664834853980258,0.0019656816392105156,2.86340861731932e-06,1.5004737054957322e-05,6.125658251546106e-06,0.001965681687335812
inverted,44,2320.6408570222143,0.033780254574757175,992751.5,2.1870832936432336,-0.002443731991096896,1.2115538148883785e-06,0.5731931485276622,0.6648358155749046,-0.0024527496482549165,3.3083478062332074e-06,2.9786215851322744e-06,1.216017170069013e-06,-0.0024527496398772577
inverted,45,2320.5945889167074,0.03875025268380658,994458.6666666666,3.8355066303046743,0.00012910507282907628,3.247746306093822e-06,0.5731817204081444,0.664843707436452,0.00012958149390679158,5.801681228682049e-06,7.984677282382206e-06,3.2597308504381797e-06,0.00012958147959136787
inverted,46,2320.6394165766324,0.030216031417487133,994417.6666666666,5.122933187583501,6.731648762069636e-05,1.0489654658098707e-05,0.5731927927407959,0.6648360612687234,6.756466880555883e-05,7.749163096781064e-06,2.57891164061075e-05,1.0528362685366952e-05,6.75648934645673e-05
inverted,47,2320.6170648348416,0.0511079961941298,994391.6666666666,2.389793110524656,2.8132043862749635e-05,4.093563965332832e-06,0.573187271910111,0.66483987376072,2.8235819075470768e-05,3.614880335412423e-06,1.0064144208086782e-05,4.108669667933218e-06,2.823585370323663e-05
inverted,48,2320.6404348226474,0.020725748312358797,993995.1666666666,2.4140790744666543,-0.0005694254444971605,2.1827060821093576e-06,0.573193044245305,0.6648358875886086,-0.0005715266574472984,3.6516394552041277e-06,5.3662624228084955e-06,2.190767460292036e-06,-0.0005715266890134008
inverted,49,2320.6191758326772,0.01180937284491296,993889.8333333334,2.625727412441064,-0.0007281673250221727,1.528844227018486e-06,0.573187793321898,0.6648395136918945,-0.0007308543199281368,3.971765474021551e-06,3.7587132881869355e-06,1.5344882742461218e-06,-0.0007308543303101721
inverted,50,2320.626949271767,0.0566756078827489,993970.6666666666,2.7888667551135855,-0.0006063468534639518,3.4309162015329373e-06,0.573189713344125,0.6648381877916426,-0.0006085842865990978,4.2185525468798e-06,8.43502311403403e-06,3.4435837663275634e-06,-0.0006085843345064706
inverted,51,2320.655062795886,0.030999304140870314,994853.8333333334,1.194896555262328,0.0007246574430805494,2.036381901413582e-06,0.5731966573222754,0.6648333925262289,0.0007273315371609144,1.807467774387602e-06,5.006480041404502e-06,2.043886918144838e-06,0.0007273315210090913
inverted,52,2320.599754652588,0.04993943121814741,994809.5,2.418677324489565,0.0006578340042693118,1.9756505623968887e-06,0.5731829963334584,0.6648428263261634,0.0006602614441854033,3.658565369401144e-06,4.857201127235181e-06,1.982944056632911e-06,0.0006602614609961311
inverted,53,2320.6203927608417,0.025902299636598278,994780.6666666666,1.2292725943057183,0.0006143834797999152,4.727747324715765e-06,0.5731880939004576,0.6648393061228199,0.0006166506466614188,1.8594451148002214e-06,1.162328292593323e-05,4.745185384090049e-06,0.0006166506124690763
inverted,54,2320.6331829241994,0.013714879779281468,993530.3333333334,3.2930904093942592,-0.0012699645309112355,3.0072388692879464e-06,0.5731912530424604,0.6648371245300587,-0.0012746508177450776,4.9812612099868995e-06,7.393390656523484e-06,3.0183390962572108e-06,-0.0012746508351936213
inverted,55,2320.6296563160504,0.026430980682928526,993528.3333333334,2.96273147243853,-0.001272977520437306,1.3845382215527456e-06,0.5731903819780635,0.6648377260565019,-0.001277674940579328,4.481549656462578e-06,3.403905239948065e-06,1.389638495109783e-06,-0.0012776749386411107
inverted,56,2320.6212619952444,0.031984355208395,993508.8333333334,1.887090647295755,-0.0013023626798755363,1.1841289206520175e-06,0.5731883085994285,0.6648391578592012,-0.0013071685674434126,2.8545006383084406e-06,2.911140171057169e-06,1.188467998134767e-06,-0.001307168521918545
inverted,57,2320.679699382393,0.0609695768201995,995218.0,1.9148542155126764,0.0012734960886693675,3.007167253095727e-06,0.5732027425045415,0.664829190319002,0.0012781955637966658,2.896588968239982e-06,7.3931284214896664e-06,3.0182320392529546e-06,0.0012781954803806758
inverted,58,2320.6530511391247,0.018449057932918813,995188.3333333334,1.2292725943057183,0.0012287773761528408,4.190322736230945e-06,0.5731961604475138,0.6648337356501761,0.0012333116268406252,1.8594668934286044e-06,1.0302054406126916e-05,4.205796099567022e-06,0.0012333117186812811
inverted,59,2320.6253846498416,0.013707754545481145,995264.8333333334,1.869343319041327,0.0013440599559997777,5.886126023369086e-06,0.5731893268859771,0.664838454666103,0.0013490195569088508,2.827642343472353e-06,1.447122951204129e-05,5.90785470920106e-06,0.0013490196705185965
inverted,60,2320.5971966199163,0.028436981605382827,993137.6666666666,3.9468693641641837,-0.0018617267142132055,3.6200284495025195e-06,0.5731823645050578,0.6648432626451792,-0.0018685966447472904,5.9701521091101505e-06,8.899903838507977e-06,3.6333705273636543e-06,-0.0018685966203692153
inverted,61,2320.6452031942295,0.05590861483342238,993148.8333333334,1.8514258769331757,-0.0018449204239565943,4.782745158889993e-06,0.5731942220225178,0.6648350742574276,-0.0018517284668895888,2.800677445682518e-06,1.1758497742549195e-05,4.800386601818902e-06,-0.0018517283975076047
inverted,62,2320.6438124191845,0.039195870222603756,993174.6666666666,4.325634186002223,-0.001805986899492432,4.918494026119926e-06,0.5731938785041639,0.6648353114790072,-0.0018126511812607997,6.543169288283435e-06,1.2092264681731772e-05,4.936646384153545e-06,-0.0018126512014976408
inverted,63,2320.628464223155,0.02102951055498103,995600.1666666666,2.9711576494319143,0.0018494337934325733,3.6137731380782055e-06,0.5731900875337603,0.6648379293894021,0.0018562584274478392,4.494297839121999e-06,8.884525616209367e-06,3.6270923943998734e-06,0.0018562583925044852
inverted,64,2320.623770357379,0.024697680220616497,995623.0,2.4494897427831783,0.0018838431026496003,6.947788037293412e-06,0.5731889281593165,0.6648387300127852,0.0018907947087527426,3.705207605121607e-06,1.7081278421293136e-05,6.9734027144301965e-06,0.0018907946669375552
inverted,65,2320.6338286411847,0.0479056611357631,995559.8333333334,1.4472195564061605,0.0017886510749941424,5.453015299076663e-06,0.5731914125331247,0.6648370143914227,0.0017952511821297261,2.1892366280479963e-06,1.3406480066344216e-05,5.473172568222884e-06,0.0017952513894102995
inverted,66,2320.638646683304,0.02459021708391217,992699.3333333334,1.3824294235551813,-0.0025223499301429606,4.032403513263881e-06,0.5731926025788502,0.664836192587839,-0.0025316577243696694,2.0911889153207084e-06,9.913776243626323e-06,4.0472822035017045e-06,-0.0025316576827895945
inverted,67,2320.6282903762744,0.01148404407740462,994421.5,2.3202011407059806,7.309320945946864e-05,2.2939213558513924e-06,0.5731900445939662,0.6648379590421174,7.336291977386081e-05,3.5096233124887055e-06,5.639671375476828e-06,2.3023861978163983e-06,7.336293085507392e-05
inverted,68,2320.618182421931,0.021073283953941858,994355.8333333334,2.072304138982607,-2.587124102249466e-05,5.9575309066056584e-06,0.5731875479516453,0.6648396831360441,-2.596687677362272e-05,3.1346368705546877e-06,1.4646758846236975e-05,5.979514259812708e-06,-2.596670789555058e-05
inverted,69,2320.6048955532,0.03393533320230641,994353.5,1.0567244989431572,-2.938769573131672e-05,3.130885498842592e-06,0.573184266124516,0.6648419494521512,-2.949625462280131e-05,1.5984315546705686e-06,7.697369474679304e-06,3.142437929106549e-06,-2.9496138356938726e-05
inverted,70,2320.638845365453,0.01368035139737441,994010.3333333334,2.2459840703897354,-0.000546567759355068,4.3087966318626254e-06,0.5731926516529006,0.6648361586990348,-0.0005485846931919303,3.3973697461368657e-06,1.0593298317627952e-05,4.324695928545328e-06,-0.0005485846554439768
inverted,71,2320.6108311824087,0.04265389262090468,993914.3333333334,2.2310934040908683,-0.0006912423694408441,5.736223150636106e-06,0.5731857322117755,0.6648409370229471,-0.0006937933020033537,3.374829380031551e-06,1.410263809851869e-05,5.7573778947508e-06,-0.0006937931122299206
inverted,72,2320.6235220046924,0.03686452947252164,993993.8333333334,2.344023132233222,-0.0005714323546315276,2.072687554299968e-06,0.5731888668167534,0.6648387723738146,-0.0005735410251110577,3.545657386524602e-06,5.095749517091481e-06,2.080331028984653e-06,-0.0005735409955122729
inverted,73,2320.6121474516476,0.04416905861993418,994790.5,3.879432948254165,0.0006292016896055026,3.7658980656566855e-06,0.5731860573273603,0.6648407125093884,0.0006315235495700506,5.8681560702835156e-06,9.258556299218374e-06,3.7797897813193317e-06,0.0006315234981373904
inverted,74,2320.6406335047964,0.06450232491371595,994803.6666666666,3.1797973380564866,0.0006490499445067685,7.736973599567532e-06,0.5731930933193554,0.6648358536998066,0.0006514446220211753,4.80990829871793e-06,1.902161831410128e-05,7.765543158587957e-06,0.0006514450135793777
inverted,75,2320.6276198240207,0.010785027980244697,994855.3333333334,2.1081851067789197,0.0007269130687430321,5.188890878066265e-06,0.5731898789690456,0.6648380734168786,0.0007295953721671313,3.1889204063991353e-06,1.2757044638772147e-05,5.208041665149919e-06,0.0007295954516053277
inverted,76,2320.645873746483,0.04412039669331731,993476.1666666666,2.8684103224221214,-0.0013516022764330027,4.391199489014098e-06,0.5731943876474384,0.664834959882742,-0.001356589869913325,4.3389128979744044e-06,1.0795889944060989e-05,4.407403613698909e-06,-0.0013565898488642214
inverted,77,2320.617487034409,0.05338910448792956,993559.0,3.60555127546399,-0.001226756761578787,2.209596101288236e-06,0.5731873761924685,0.6648398017469526,-0.0012312835294845592,5.453903806423202e-06,5.432409290635497e-06,2.2177718060019488e-06,-0.0012312836065539263
inverted,78,2320.6312209379757,0.028121896887978177,993567.3333333334,3.972125095937662,-0.0012142020148854505,4.25683228526505e-06,0.5731907684362114,0.6648374591820841,-0.0012186825457774235,6.008397034542312e-06,1.046553942241e-05,4.272538577981047e-06,-0.0012186825472268973
inverted,79,2320.6446816535877,0.028273761460418205,995172.1666666666,1.3017082793177759,0.001204410218999085,2.51044526230899e-06,0.5731940932031351,0.6648351632155186,0.0012088545691869472,1.9690424669280713e-06,6.17203787940518e-06,2.5197239129453715e-06,0.0012088546341083185
inverted,80,2320.6550131253484,0.048585836012901125,995191.0,3.2557641192199416,0.0012327967075403965,6.914194038044715e-06,0.5731966450537627,0.6648334009984249,0.0012373459753535665,4.924849668338366e-06,1.699869762966627e-05,6.939689247423376e-06,0.001237345883460737
inverted,81,2320.667828123975,0.02991469911276192,995325.1666666666,0.9098229375970789,0.0014350022754096633,2.4115221675083356e-06,0.5731998103300221,0.6648312151724023,0.0014402976361958032,1.3762944767846184e-06,5.9287661483952e-06,2.420408644642362e-06,0.0014402976334016726
inverted,82,2320.6742356232885,0.030716866167186403,993200.1666666666,3.8851569394870586,-0.0017675699420638472,4.08154835926456e-06,0.5732013929681518,0.6648301222597855,-0.0017740926181389787,5.8769214204699625e-06,1.00345286917173e-05,4.096579184004172e-06,-0.0017740925314852505
inverted,83,2320.6396649293188,0.020712378654370405,993172.0,1.61245154965971,-0.0018100038528126373,3.2095126234144525e-06,0.5731928540833591,0.6648360189077193,-0.0018166829643096326,2.4390843580567845e-06,7.890712041946164e-06,3.2213697016671395e-06,-0.0018166829708313812
inverted,84,2320.619324844289,0.04446330503430186,993079.8333333334,2.574447081953284,-0.001948896268246009,1.1793848154092585e-06,0.5731878301274358,0.6648394882752727,-0.001956087921735727,3.894262707171305e-06,2.8994076388623017e-06,1.1836782119234002e-06,-0.0019560878771270195
inverted,85,2320.6117252520803,0.04859548193949087,995614.8333333334,0.9098229375970789,0.0018715296063986193,3.700044167546271e-06,0.573185953045003,0.6648407845231701,0.0018784357118408503,1.376432193530395e-06,9.096629394952659e-06,3.713683399472748e-06,0.0018784357116653227
inverted,86,2320.644234618752,0.040660814349135176,995618.3333333334,1.2823589374447564,0.0018768198580330776,4.591410918990076e-06,0.5731939827865214,0.664835239465312,0.0018837456319130983,1.9398563390894462e-06,1.1288014027809285e-05,4.608312429585246e-06,0.0018837455421155086
inverted,87,2320.658763250916,0.04236143824889635,995597.1666666666,3.320809807528546,0.0018449268724164232,4.526940964261534e-06,0.5731975713264666,0.6648327613476777,0.0018517349089319705,5.023262826559342e-06,1.1129594336897678e-05,4.543637861594769e-06,0.0018517348934103648
inverted,88,2320.632487536677,0.015189295841316775,992703.0,6.356099432828282,-0.0025168200692477186,6.8858713120561495e-06,0.5731910812832836,0.6648372431409004,-0.0025261073803810844,9.614491560535365e-06,1.6929089436352164e-05,6.911271821500614e-06,-0.0025261074013140854
inverted,89,2320.653150480199,0.024975006011876518,994342.1666666666,2.197220466356933,-4.646834203080409e-05,6.255034500243352e-06,0.573196184984539,0.6648337187057831,-4.663995437058392e-05,3.323619332696965e-06,1.5378179998970445e-05,6.278115695025255e-06,-4.6639815768625785e-05
inverted,90,2320.6242173922146,0.028220788936412607,994388.6666666666,2.7768887466211374,2.3610842403881524e-05,2.356308564578644e-06,0.5731890385759302,0.664838653762933,2.369796306754384e-05,4.200421724710555e-06,5.793052331893396e-06,2.365003711063174e-06,2.3697968748994696e-05
inverted,91,2320.5842574449466,0.039753097258308646,994440.5,4.602535533087532,0.00010172666171512513,8.854332020532548e-06,0.5731791685575168,0.6648454696575417,0.00010210187923909187,6.9618893734098425e-06,2.1768628629643636e-05,8.88700542379472e-06,0.00010210203954713117
inverted,92,2320.628240705737,0.02234494443012484,993976.1666666666,3.156122797216723,-0.0005980580365810031,5.994733237092426e-06,0.5731900323254534,0.664837967514322,-0.0006002649819780873,4.774071134484546e-06,1.4738221336670289e-05,6.016853665173676e-06,-0.0006002649315416058
inverted,93,2320.6226527702893,0.043684823851406075,993955.3333333334,2.4585451886114367,-0.0006294546226605726,4.3276885571832335e-06,0.5731886521177822,0.664838920637421,-0.0006317773575393484,3.718889332922551e-06,1.0639757036363785e-05,4.343662621046374e-06,-0.0006317773710764082
inverted,94,2320.589795709857,0.05699385096766406,993912.3333333334,4.402019738458448,-0.00069425305109228,3.5197517606145818e-06,0.5731805364966753,0.6648445250052861,-0.000696814802957251,6.658602444241596e-06,8.653428005417856e-06,3.532747189863956e-06,-0.0006968148904352383
inverted,95,2320.6344991934384,0.04614911115686415,994752.8333333334,1.1080513425729774,0.000572438741336295,2.2173040606770434e-06,0.5731915781580452,0.6648369000166883,0.0005745510669752963,1.6760970084271438e-06,5.4513114344930125e-06,2.2254885739178814e-06,0.000574551101959272
inverted,96,2320.621659359543,0.03130822648050158,994910.5,4.876815901111435,0.0008100523220474689,1.0420724502908883e-05,0.5731884067475297,0.6648390900815483,0.0008130412844301723,7.376845283167951e-06,2.5619661613550268e-05,1.0459183055994553e-05,0.0008130414928400505
inverted,97,2320.6161956004385,0.0222672970285618,994762.0,4.258325179379017,0.0005862507799838228,4.451842572330599e-06,0.5731870572111399,0.6648400220243622,0.0005884141698716271,6.441283469242422e-06,1.0944969059116514e-05,4.4682649075641925e-06,0.0005884140981203774
inverted,98,2320.622528593946,0.037065340220386406,993712.5,0.5627314338711378,-0.0009954222728915845,2.650884996314357e-06,0.5731886214465006,0.6648389418179367,-0.0009990956058118254,8.512634069398049e-07,6.517208811309496e-06,2.6606393558131268e-06,-0.0009990954765992743
inverted,99,2320.6032315902,0.04744620629351889,993598.1666666666,1.7400510848184252,-0.001167725195373577,4.202896750287461e-06,0.5731838551293427,0.6648422332712575,-0.0011720344376226575,2.6320896224425536e-06,1.0332837309279544e-05,4.218363167154596e-06,-0.001172034191755191
inverted,100,2320.629234116483,0.037498171846314314,993521.8333333334,5.467581224311575,-0.0012827734244080498,5.510724870698498e-06,0.5731902776957061,0.6648377980702364,-0.0012875069484522504,8.270480294029893e-06,1.3548274154102037e-05,5.531059762147897e-06,-0.0012875069900358225
inverted,101,2320.6251611324237,0.01187242716185962,995164.8333333334,3.833333333333334,0.0011933523953396002,8.225450180190621e-06,0.5731892716776703,0.6648384927910272,0.001197755848877066,5.7984409490691565e-06,2.022251935826801e-05,8.255808956885292e-06,0.0011977559838149982
inverted,102,2320.6457744054082,0.03751930530489493,995193.5,2.7416540019970914,0.0012365615888753174,4.963990612184724e-06,0.5731943631104129,0.6648349768271399,0.0012411246532932187,4.147165462858563e-06,1.2204096808074519e-05,4.98230165855191e-06,0.0012411246472965622
inverted,103,2320.612793168633,0.06957886486199537,995131.5,1.9621416870348587,0.0011431128947195994,2.201093429718197e-06,0.5731862168180246,0.6648406023706654,0.0011473309980902199,2.9680691217652643e-06,5.411517068513246e-06,2.2092425920365485e-06,0.0011473310811546975
inverted,104,2320.636933049767,0.03425312992831824,993111.3333333334,0.8027729719194865,-0.0019014320152468383,3.3553069052793043e-06,0.5731921793151643,0.6648364848787872,-0.0019084485707894366,1.2144306039374204e-06,8.24909030987609e-06,3.3676770168889323e-06,-0.0019084485083433217
inverted,105,2320.6207404546026,0.01803144844488662,993114.3333333334,4.394440932713867,-0.0018969029956904355,3.826627047068169e-06,0.5731881797800459,0.6648392468173718,-0.0019039027387569127,6.647190577519973e-06,9.407852488794425e-06,3.840739695486523e-06,-0.001903902747179148
inverted,106,2320.6222057354535,0.04670942420432102,993134.5,2.171788817234923,-0.0018665107478863525,5.2395063249912e-06,0.5731885417011686,0.6648389968872775,-0.0018733986454268212,3.285203534486137e-06,1.288131764999361e-05,5.2587759095318775e-06,-0.0018733983508662573
inverted,107,2320.6483572733487,0.023586919043969798,995577.5,1.4776106839534335,0.0018152826538984453,2.3576698749482793e-06,0.5731950010730699,0.6648345362728205,0.0018219812742400708,2.2351318178703193e-06,5.796359670948746e-06,2.366353926578505e-06,0.0018219812659841046
inverted,108,2320.6534981739605,0.037344957837679986,995576.8333333334,3.50634345785527,0.0018142804519808067,8.190485903971282e-06,0.5731962708641275,0.6648336594004078,0.0018209752457792794,5.303891253829756e-06,2.0136562730029537e-05,8.220717310352898e-06,0.0018209753749102817
inverted,109,2320.618331433543,0.02532963671241001,995604.1666666666,1.7400510848184252,0.0018554573719951038,3.2933772992044187e-06,0.5731875847571831,0.6648396577194213,0.0018623041365077454,2.632090988364229e-06,8.096881302675987e-06,3.3055379499062883e-06,0.0018623041811328712
inverted,110,2320.670286815572,0.051297560798196896,994435.0,2.2060522810365732,9.343998336481614e-05,5.8506665170821395e-06,0.5732004176213974,0.6648307957989253,9.37845367828121e-05,3.3369936429254966e-06,1.438403712285915e-05,5.872258565375991e-06,9.378479084504854e-05
inverted,111,2320.6374545904087,0.025196938756037738,994323.6666666666,2.7527763762750106,-7.434909431347354e-05,5.593575997566253e-06,0.573192308134547,0.6648363959206706,-7.462362649146814e-05,4.163962655328387e-06,1.3751963650012891e-05,5.614215650638949e-06,-7.462345019164933e-05
inverted,112,2320.6186791273044,0.016005108059447097,994358.0,2.1291625896895083,-2.2605958876910725e-05,6.522713414241644e-06,0.5731876706367717,0.6648395984139686,-2.2689506868380102e-05,3.2206432819289456e-06,1.6036276503304926e-05,6.546782467880052e-06,-2.268937675072537e-05
inverted,113,2320.628538728961,0.04852607255986437,994316.1666666666,4.26158551610913,-8.565201127910028e-05,6.107874520285646e-06,0.5731901059365292,0.6648379166810957,-8.596823792741952e-05,6.446234653566155e-06,1.5016380054376064e-05,6.1304114861546785e-06,-8.596807538694248e-05
inverted,114,2320.6324130308712,0.04786001137450123,994396.1666666666,3.3706247360261146,3.491418544373627e-05,5.48161118613912e-06,0.5731910628805147,0.6648372558492049,3.504280630345156e-05,5.098538856738848e-06,1.3476700939865022e-05,5.501840119792631e-06,3.504302317814017e-05
inverted,115,2320.6422974677967,0.009274016230511299,994340.0,1.61245154965971,-4.973363142979025e-05,5.162178008779652e-06,0.5731935043145288,0.6648355698810988,-4.991721757911026e-05,2.439063485478803e-06,1.269136220270027e-05,5.181226922910072e-06,-4.9917154214804165e-05
inverted,116,2320.6098377716626,0.04071850585216806,994404.6666666666,2.4449494427856333,4.772395337076897e-05,2.542130220402638e-06,0.5731854868415229,0.6648411064671496,4.789996140410664e-05,3.6983047915645864e-06,6.249902963591975e-06,2.5515122004514553e-06,4.790005911588167e-05
inverted,117,2320.626725754349,0.022053741148889125,994404.3333333334,2.0275875100994067,4.722182991968139e-05,5.96101093797059e-06,0.5731896581358182,0.6648382259165646,4.7395956636179766e-05,3.0670037275525875e-06,1.4655316065436841e-05,5.983007729922178e-06,4.739608344297866e-05
inverted,118,2320.6670333953784,0.03435238377293815,994343.3333333334,3.4705106892854327,-4.471036946879757e-05,5.443166338669164e-06,0.57319961403382,0.6648313507274739,-4.4875359175500756e-05,5.2496768823053915e-06,1.3382180829537554e-05,5.463252446336987e-06,-4.487535699641061e-05
inverted,119,2320.599332453021,0.02352322682130635,994363.5,1.8393839548428528,-1.4317007259881395e-05,5.885167813471386e-06,0.573182892051101,0.6648428983399787,-1.4369949691510785e-05,2.782300516745918e-06,1.4468852739961356e-05,5.906884396062604e-06,-1.436983790677747e-05
inverted,120,2320.6291347754086,0.011694437344509541,994341.1666666666,1.194896555262328,-4.797526164363057e-05,4.75649594800012e-06,0.5731902531586809,0.6648378150146446,-4.815230485357371e-05,1.8074457639096187e-06,1.1693982448202443e-05,4.774048343193068e-06,-4.8152295434462975e-05
inverted,121,2320.6464946281994,0.030531069491391106,994438.3333333334,1.5420044674960502,9.846277257527656e-05,2.009436938874569e-06,0.5731945410038461,0.664834853980258,9.882611293715272e-05,2.3325048480329482e-06,4.94025683763191e-06,2.016851408415638e-06,9.882611185672338e-05
inverted,122,2320.600623886991,0.038874488185727876,994358.5,1.5864005379054391,-2.1852220126421116e-05,5.471647004011324e-06,0.5731832110324294,0.6648426780624297,-2.1933088375025625e-05,2.399631955033696e-06,1.3452198125646344e-05,5.4918368877763025e-06,-2.1932855835867787e-05
inverted,123,2320.614705484319,0.007765555856501988,994412.1666666666,1.8150604520082645,5.9027001820567605e-05,5.467449912914252e-06,0.5731866891557609,0.6648402761906174,5.9244763091999174e-05,2.745518979650195e-06,1.3441881620245887e-05,5.487625192083005e-06,5.9244816695661996e-05
inverted,124,2320.598661900767,0.028028816476892024,994371.8333333334,1.1377365443917342,-1.758228235374449e-06,1.8829991139748344e-06,0.5731827264261804,0.664843012714864,-1.7647303602192772e-06,1.7209699045249417e-06,4.629407271375285e-06,1.889947604399937e-06,-1.7647162489749227e-06
inverted,125,2320.666760207423,0.05360778431465403,994396.6666666666,2.5776819905574944,3.56681572431736e-05,6.44947243132668e-06,0.5731995465570004,0.6648313973245308,3.579944132749309e-05,3.899137011441407e-06,1.585621640363374e-05,6.473273240008537e-06,3.579977867730298e-05
inverted,126,2320.653547844498,0.05172804784474998,994318.8333333334,3.4488323305786333,-8.163383047134726e-05,7.844545103672088e-06,0.5731962831326401,0.6648336509282115,-8.19350633281937e-05,5.216867108844652e-06,1.9286039199482623e-05,7.873492533007832e-06,-8.193506987012991e-05
inverted,127,2320.6306000562595,0.01592285917598677,994349.0,3.8729833462074175,-3.616986958121547e-05,3.852171756661931e-06,0.5731906150798036,0.664837565084629,-3.6303322018609736e-05,5.858423402032584e-06,9.470674463081179e-06,3.866386659092655e-06,-3.630334017840925e-05
inverted,128,2320.6472645215276,0.010746166635841608,994406.3333333334,1.8737959096740262,5.023618166783586e-05,5.553386813557689e-06,0.5731947311657919,0.6648347226611812,5.042149615177552e-05,2.8343878031387116e-06,1.3653160773221651e-05,5.573879545096014e-06,5.042155921347196e-05
inverted,129,2320.6156740597967,0.029269471910102863,994415.3333333334,1.9776529298921768,6.379944007554692e-05,5.33087152351427e-06,0.5731869283917572,0.6648401109825499,6.403478112663961e-05,2.9914623848677035e-06,1.3106101001199444e-05,5.350543328386396e-06,6.40348658627248e-05
inverted,130,2320.6114272288564,0.054346582323682543,994348.1666666666,1.939358427705181,-3.74254244444775e-05,4.6108126950422415e-06,0.5731858794339272,0.6648408353564285,-3.756366926114078e-05,2.933533681138423e-06,1.13358136539736e-05,4.627826545251639e-06,-3.756352709892841e-05
inverted,131,2320.631916325498,0.05050582804228345,994396.1666666666,1.887090647295755,3.491408370731603e-05,6.095975445326638e-06,0.5731909401953883,0.6648373405712369,3.5042801837851366e-05,2.854486811448332e-06,1.498713002006464e-05,6.118470209651031e-06,3.504292053669328e-05
inverted,132,2320.630624891528,0.019966249595467313,994400.1666666666,0.6540472290116196,4.094231171042058e-05,2.5934895045136483e-06,0.5731906212140598,0.6648375608485271,4.109334393561603e-05,9.893369984374825e-07,6.376168691754427e-06,2.6030599681179508e-06,4.109339317351141e-05
inverted,133,2320.664823056468,0.04847606764087737,994404.0,2.780887148615228,4.671989939057377e-05,6.615211736116212e-06,0.5731990680850078,0.6648317277400381,4.6892202659235094e-05,4.206513710953031e-06,1.626368766005624e-05,6.639622683856185e-06,4.689230232345868e-05
inverted,134,2320.6039269777225,0.059298180498273394,994312.5,2.2912878474779204,-9.117736664901634e-05,5.345400275951348e-06,0.5731840268885197,0.6648421146602856,-9.151399801226593e-05,3.465866591843232e-06,1.3141815242090776e-05,5.3651236061754976e-06,-9.151381782174311e-05
