campaign,s_m,model_Dx_m,model_Dy_m
inverted,0,-1.43159598508,-0.0642977074405
inverted,0.1795,-1.43020923879,-0.0640740883966
inverted,0.4925,-1.42779112409,-0.0636841565819
inverted,0.8695,-1.42487857059,-0.0632144943003
inverted,1.1945,-1.42236774861,-0.062809613023
inverted,1.327628,-1.42133925412,-0.0626437636856
inverted,1.327628,-1.42133925412,-0.0626437636856
inverted,1.334,-1.42129002656,-0.0626358255209
inverted,1.334,-1.42129002656,-0.0626358255209
inverted,1.334,-1.42129002656,-0.0626358255209
inverted,1.3975,-1.42079945058,-0.0625567179483
inverted,1.7225,-1.4182886286,-0.0621518366711
inverted,2.0935,-1.41542242874,-0.0616896491207
inverted,2.4185,-1.41291160676,-0.0612847678435
inverted,2.456,-1.41262189653,-0.061238050773
inverted,2.526,-1.41208110411,-0.0611508455748
inverted,2.654001,-1.4110922188,-0.0609913833952
inverted,4.271697,-1.55686644333,-0.0578274041809
inverted,4.2717,-1.55686701113,-0.0578273964973
inverted,4.2717,-1.55686701113,-0.0578273964973
inverted,4.514819,-1.60288111424,-0.0572047252873
inverted,4.514819,-1.60288111424,-0.0572047252873
inverted,4.638012,-1.62619733141,-0.0568892059969
inverted,5.141582,-1.56961371267,-0.0608686655515
inverted,5.467797,-1.43569679353,-0.0669402313282
inverted,5.467797,-1.43569679353,-0.0669402313282
inverted,5.467797,-1.43569679353,-0.0669402313282
inverted,5.467797,-1.43569679353,-0.0669402313282
inverted,5.467797,-1.43569679353,-0.0669402313282
inverted,5.795327,-1.30124004406,-0.0730362720952
inverted,6.674267,-1.29570985289,-0.0681524811859
inverted,6.816797,-1.3523528326,-0.0639898149403
inverted,7.186797,-1.49939487632,-0.0531837635064
inverted,7.329012,-1.55591267159,-0.0490302970072
inverted,7.832582,-1.60717396874,-0.038468656585
inverted,7.997852,-1.57461453981,-0.0362573872657
inverted,7.997852,-1.57461453981,-0.0362573872657
inverted,8.199799,-1.53482946694,-0.0335553892913
inverted,8.199799,-1.53482946694,-0.0335553892913
inverted,8.199804,-1.5348284819,-0.0335553223926
inverted,9.8175,-1.37640645629,-0.0112228399369
inverted,10.7355,-1.37637663459,0.00152991583843
inverted,10.7355,-1.37637663459,0.00152991583843
inverted,10.8335,-1.376373451,0.00289132113907
inverted,10.8335,-1.376373451,0.00289132113907
inverted,11.3695,-1.37635603877,0.0103373746201
inverted,11.7395,-1.37634401913,0.0154773742246
inverted,12.471501,-1.3763202397,0.0256462521988
inverted,14.089197,-1.53439430264,0.0477352790012
inverted,14.0891995,-1.53439479503,0.0477353118106
inverted,14.0891995,-1.53439479503,0.0477353118106
inverted,14.455512,-1.60654249675,0.0525427164113
inverted,14.959082,-1.55508630776,0.0641583788984
inverted,15.285302,-1.42520807962,0.0751535218713
inverted,15.285302,-1.42520807962,0.0751535218713
inverted,15.285302,-1.42520807962,0.0751535218713
inverted,15.285302,-1.42520807962,0.0751535218713
inverted,15.285302,-1.42520807962,0.0751535218713
inverted,15.612827,-1.2948102908,0.0861926494607
inverted,16.491767,-1.30011545143,0.0902957954403
inverted,16.819302,-1.43465287414,0.0821681805409
inverted,16.819302,-1.43465287414,0.0821681805409
inverted,16.819302,-1.43465287414,0.0821681805409
inverted,16.819302,-1.43465287414,0.0821681805409
inverted,16.819302,-1.43465287414,0.0821681805409
inverted,17.146512,-1.56905678644,0.0740017454858
inverted,17.650082,-1.62543452906,0.067844079155
inverted,18.017299,-1.55554113429,0.0678933599443
inverted,18.017299,-1.55554113429,0.0678933599443
inverted,18.017304,-1.55554018262,0.0678933606153
inverted,19.635,-1.408150382,0.0669593736271
inverted,20.159,-1.41164026264,0.0662710382001
inverted,20.724,-1.41540320646,0.0655288444668
inverted,20.724,-1.41540320646,0.0655288444668
inverted,20.724,-1.41540320646,0.0655288444668
inverted,21.098,-1.41789407546,0.0650375516238
inverted,21.098,-1.41789407546,0.0650375516238
inverted,21.098,-1.41789407546,0.0650375516238
inverted,21.098,-1.41789407546,0.0650375516238
inverted,21.678,-1.42175692045,0.0642756536321
inverted,21.678,-1.42175692045,0.0642756536321
inverted,22.2890015,-1.42582623782,0.0634730315359
inverted,23.9066975,-1.59498915558,0.0601888843259
inverted,23.9067,-1.59498966466,0.0601888777274
inverted,23.9067,-1.59498966466,0.0601888777274
inverted,24.273012,-1.66958238561,0.0592220324553
inverted,24.776582,-1.61599164899,0.0632789048315
inverted,25.102807,-1.48121283189,0.0694747983179
inverted,25.102807,-1.48121283189,0.0694747983179
inverted,25.102807,-1.48121283189,0.0694747983179
inverted,25.102807,-1.48121283189,0.0694747983179
inverted,25.102807,-1.48121283189,0.0694747983179
inverted,25.430327,-1.34589898968,0.0756952873506
inverted,26.309267,-1.35092494432,0.0708346738986
inverted,26.636807,-1.4901474934,0.0611602290817
inverted,26.636807,-1.4901474934,0.0611602290817
inverted,26.636807,-1.4901474934,0.0611602290817
inverted,26.964012,-1.62922764903,0.0514956790532
inverted,27.467582,-1.68759107663,0.0408885412648
inverted,27.834799,-1.61530745341,0.0360330799083
inverted,27.834799,-1.61530745341,0.0360330799083
inverted,27.834804,-1.6153064692,0.0360330137967
inverted,29.4525,-1.45726658654,0.0139056951721
inverted,29.8225,-1.45732027986,0.00881808208253
inverted,29.8225,-1.45732027986,0.00881808208253
inverted,29.8225,-1.45732027986,0.00881808208253
inverted,29.8225,-1.45732027986,0.00881808208253
inverted,29.8225,-1.45732027986,0.00881808208253
inverted,30.3565,-1.45739777238,0.0014754188667
inverted,30.3565,-1.45739777238,0.0014754188667
inverted,30.3565,-1.45739777238,0.0014754188667
inverted,30.7885,-1.45746046296,-0.00446471317308
inverted,30.7885,-1.45746046296,-0.00446471317308
inverted,31.5865,-1.45757626639,-0.0154374570799
inverted,31.5865,-1.45757626639,-0.0154374570799
inverted,32.106501,-1.45765172741,-0.022587629767
inverted,33.724197,-1.61633838775,-0.0445618157526
inverted,33.7241995,-1.61633888055,-0.0445618483672
inverted,33.7241995,-1.61633888055,-0.0445618483672
inverted,34.090512,-1.68854702775,-0.0493406994248
inverted,34.594082,-1.6303981512,-0.0606182701562
inverted,34.920312,-1.49191664838,-0.0711931023028
inverted,34.920312,-1.49191664838,-0.0711931023028
inverted,34.920312,-1.49191664838,-0.0711931023028
inverted,34.920312,-1.49191664838,-0.0711931023028
inverted,34.920312,-1.49191664838,-0.0711931023028
inverted,35.247827,-1.3528896754,-0.0818095880658
inverted,36.126767,-1.34846187845,-0.0861128138264
inverted,36.454312,-1.48405450337,-0.0785524879492
inverted,36.454312,-1.48405450337,-0.0785524879492
inverted,36.454312,-1.48405450337,-0.0785524879492
inverted,36.781512,-1.61950430989,-0.0710001252906
inverted,37.285082,-1.67344465037,-0.0655195678377
inverted,37.45044,-1.63986570833,-0.0656834072831
inverted,37.45044,-1.63986570833,-0.0656834072831
inverted,37.652299,-1.59887457599,-0.065883412524
inverted,37.652299,-1.59887457599,-0.065883412524
inverted,37.652304,-1.59887356065,-0.065883417478
inverted,39.27,-1.43053919926,-0.0663857451428
inverted,39.521261,-1.42900714468,-0.0662794452838
inverted,40.464261,-1.42325723732,-0.0658804945231
inverted,40.575761,-1.42257737023,-0.0658333227205
inverted,41.518761,-1.41682746287,-0.0654343719598
inverted,41.924001,-1.41435652707,-0.065262928899
inverted,43.541697,-1.56268851427,-0.0633916223043
inverted,43.5416995,-1.56268899151,-0.0633916177753
inverted,43.5416995,-1.56268899151,-0.0633916177753
inverted,43.908012,-1.63261666803,-0.0627280112542
inverted,44.411582,-1.57610483854,-0.0675624192208
inverted,44.737806,-1.44174554853,-0.0745119925172
inverted,44.737806,-1.44174554853,-0.0745119925172
inverted,44.737806,-1.44174554853,-0.0745119925172
inverted,44.737806,-1.44174554853,-0.0745119925172
inverted,44.737806,-1.44174554853,-0.0745119925172
inverted,45.065327,-1.30685207342,-0.0814891958978
inverted,45.944267,-1.30202468222,-0.0768116390752
inverted,46.110806,-1.36871070401,-0.071573782204
inverted,46.110806,-1.36871070401,-0.071573782204
inverted,46.110806,-1.36871070401,-0.071573782204
inverted,46.599012,-1.56419954418,-0.0562191016087
inverted,47.102582,-1.61605800481,-0.0450843677481
inverted,47.469799,-1.54346471775,-0.0401502691343
inverted,47.469799,-1.54346471775,-0.0401502691343
inverted,47.469804,-1.54346372932,-0.0401502019519
inverted,49.0875,-1.38404090619,-0.0176139025241
inverted,49.4575,-1.38377956213,-0.0124107993731
inverted,49.4575,-1.38377956213,-0.0124107993731
inverted,49.4575,-1.38377956213,-0.0124107993731
inverted,49.4575,-1.38377956213,-0.0124107993731
inverted,49.4575,-1.38377956213,-0.0124107993731
inverted,51.7415015,-1.38216629129,0.0197078368478
inverted,53.3591975,-1.53921489278,0.0422170493708
inverted,53.3592,-1.53921538348,0.0422170829323
inverted,53.3592,-1.53921538348,0.0422170829323
inverted,53.725512,-1.61111450495,0.0471346864028
inverted,54.229082,-1.5589251497,0.0583849130069
inverted,54.555311,-1.42833120355,0.0687997530629
inverted,54.555311,-1.42833120355,0.0687997530629
inverted,54.555311,-1.42833120355,0.0687997530629
inverted,54.555311,-1.42833120355,0.0687997530629
inverted,54.555311,-1.42833120355,0.0687997530629
inverted,54.882827,-1.29722205363,0.079255680512
inverted,55.761767,-1.30102919027,0.083922973274
inverted,56.089311,-1.43510793713,0.0767807989885
inverted,56.089311,-1.43510793713,0.0767807989885
inverted,56.089311,-1.43510793713,0.0767807989885
inverted,56.089311,-1.43510793713,0.0767807989885
inverted,56.089311,-1.43510793713,0.0767807989885
inverted,56.416512,-1.5690462775,0.0696435722382
inverted,56.920082,-1.6248168638,0.0646817108798
inverted,57.2873,-1.55457267973,0.0653485137813
inverted,57.2873,-1.55457267973,0.0653485137813
inverted,57.2873045,-1.55457181894,0.0653485219525
inverted,58.9050005,-1.40565393527,0.0671710986862
inverted,59.156261,-1.40708785029,0.0672724016412
inverted,60.099261,-1.41246944376,0.0676525994301
inverted,60.210761,-1.41310576154,0.0676975538877
inverted,61.153761,-1.41848735501,0.0680777516766
inverted,61.5590015,-1.42080001633,0.0682411361327
inverted,63.1766975,-1.58848169304,0.0676206297862
inverted,63.1767,-1.58848219974,0.0676206271053
inverted,63.1767,-1.58848219974,0.0676206271053
inverted,63.543012,-1.6627252283,0.0672278124803
inverted,64.046582,-1.60942965286,0.0728828413538
inverted,64.372816,-1.47533312366,0.0806717071312
inverted,64.372816,-1.47533312366,0.0806717071312
inverted,64.372816,-1.47533312366,0.0806717071312
inverted,64.372816,-1.47533312366,0.0806717071312
inverted,64.372816,-1.47533312366,0.0806717071312
inverted,64.700327,-1.34071169126,0.0884910613972
inverted,65.579267,-1.34591493012,0.0838977206909
inverted,65.906816,-1.484595075,0.0728126197097
inverted,65.906816,-1.484595075,0.0728126197097
inverted,65.906816,-1.484595075,0.0728126197097
inverted,66.234012,-1.62312576411,0.0617394651569
inverted,66.737582,-1.6813329238,0.0498998866724
inverted,67.1048,-1.60943690074,0.0447995756744
inverted,67.1048,-1.60943690074,0.0447995756744
inverted,67.1048045,-1.60943601971,0.0447995131736
inverted,68.7225005,-1.45300427489,0.0214112190054
inverted,69.08625,-1.45343959655,0.0160933659785
inverted,69.08625,-1.45343959655,0.0160933659785
inverted,69.08625,-1.45343959655,0.0160933659785
inverted,69.08625,-1.45343959655,0.0160933659785
inverted,69.59625,-1.45404994529,0.00863739684662
inverted,69.59625,-1.45404994529,0.00863739684662
inverted,69.59625,-1.45404994529,0.00863739684662
inverted,69.94025,-1.45445649601,0.00347223906677
inverted,70.46955,-1.45508204048,-0.00447519701717
inverted,70.565273,-1.45519516912,-0.00591247724439
inverted,70.905773,-1.45559758343,-0.0110250825468
inverted,71.041223,-1.45575766277,-0.0130588634226
inverted,71.041223,-1.45575766277,-0.0130588634226
inverted,71.188223,-1.4559313923,-0.0152660674739
inverted,71.188223,-1.4559313923,-0.0152660674739
inverted,71.376501,-1.45615390554,-0.0180930604288
inverted,72.994197,-1.61644756507,-0.0420736848682
inverted,72.9941995,-1.61644806048,-0.042073720739
inverted,72.9941995,-1.61644806048,-0.042073720739
inverted,73.360512,-1.68903781215,-0.0473296852268
inverted,73.864082,-1.63131648901,-0.0592116931165
inverted,74.190321,-1.49303531896,-0.0701633202383
inverted,74.190321,-1.49303531896,-0.0701633202383
inverted,74.190321,-1.49303531896,-0.0701633202383
inverted,74.190321,-1.49303531896,-0.0701633202383
inverted,74.190321,-1.49303531896,-0.0701633202383
inverted,74.517827,-1.35421711243,-0.0811574797108
inverted,75.396767,-1.35094458214,-0.0859587941947
inverted,75.693797,-1.47454309792,-0.0790759521833
inverted,75.693797,-1.47454309792,-0.0790759521833
inverted,75.865797,-1.54611480689,-0.0750903317882
inverted,75.865797,-1.54611480689,-0.0750903317882
inverted,76.051512,-1.62339352741,-0.070786904511
inverted,76.555082,-1.67793524998,-0.0654030940915
inverted,76.9223,-1.60343685413,-0.0659405623708
inverted,76.9223,-1.60343685413,-0.0659405623708
inverted,76.9223045,-1.6034359412,-0.0659405689571
inverted,78.5400005,-1.43542615824,-0.0670959020872
inverted,78.924,-1.4331596158,-0.067080182508
inverted,78.924,-1.4331596158,-0.067080182508
inverted,78.924,-1.4331596158,-0.067080182508
inverted,79.4089,-1.43029266174,-0.0669406164064
inverted,79.7289,-1.42840067308,-0.0668485125653
inverted,80.634,-1.42304930142,-0.0665880026073
inverted,80.634,-1.42304930142,-0.0665880026073
inverted,80.634,-1.42304930142,-0.0665880026073
inverted,80.634,-1.42304930142,-0.0665880026073
inverted,80.634,-1.42304930142,-0.0665880026073
inverted,81.194001,-1.41973831536,-0.0664268205976
inverted,82.811697,-1.56833277182,-0.0647978809578
inverted,82.8116995,-1.56833324953,-0.0647978765805
inverted,82.8116995,-1.56833324953,-0.0647978765805
inverted,83.178012,-1.63832891574,-0.0641564822712
inverted,83.681582,-1.58126967928,-0.0692250680799
inverted,84.007826,-1.44614540924,-0.0764621533108
inverted,84.007826,-1.44614540924,-0.0764621533108
inverted,84.007826,-1.44614540924,-0.0764621533108
inverted,84.007826,-1.44614540924,-0.0764621533108
inverted,84.007826,-1.44614540924,-0.0764621533108
inverted,84.335327,-1.31050051289,-0.0837271226289
inverted,85.214267,-1.30476938014,-0.0789609827842
inverted,85.541826,-1.43598071993,-0.0683143465402
inverted,85.541826,-1.43598071993,-0.0683143465402
inverted,85.541826,-1.43598071993,-0.0683143465402
inverted,85.869012,-1.56704264594,-0.0576798338993
inverted,86.372582,-1.61864174488,-0.0461539138636
inverted,86.739799,-1.5456216977,-0.041022460719
inverted,86.739799,-1.5456216977,-0.041022460719
inverted,86.739804,-1.54562070346,-0.0410223908495
inverted,88.3575,-1.38440828951,-0.0177016155405
inverted,91.011501,-1.37946276932,0.0210504598273
inverted,92.629197,-1.53472863203,0.0442872906071
inverted,92.6291995,-1.53472911982,0.0442873251885
inverted,92.6291995,-1.53472911982,0.0442873251885
inverted,92.995512,-1.60620329862,0.0493543700011
inverted,93.499082,-1.55395944263,0.0612393406274
inverted,93.82532,-1.42367186215,0.0723638446759
inverted,93.82532,-1.42367186215,0.0723638446759
inverted,93.82532,-1.42367186215,0.0723638446759
inverted,93.82532,-1.42367186215,0.0723638446759
inverted,93.82532,-1.42367186215,0.0723638446759
inverted,94.152827,-1.29287748926,0.0835316208008
inverted,95.031767,-1.29609104827,0.0878209251416
inverted,95.35932,-1.4293932884,0.0796973712692
inverted,95.35932,-1.4293932884,0.0796973712692
inverted,95.35932,-1.4293932884,0.0796973712692
inverted,95.686512,-1.56254861457,0.0715827704607
inverted,96.190082,-1.61785858498,0.0654838477393
inverted,96.5573,-1.54783009313,0.0655564973659
inverted,96.5573,-1.54783009313,0.0655564973659
inverted,96.5573045,-1.54782923498,0.0655564982562
inverted,98.1750005,-1.39982674838,0.0646985322963
inverted,98.471,-1.40168976876,0.0643168916693
inverted,98.471,-1.40168976876,0.0643168916693
inverted,98.471,-1.40168976876,0.0643168916693
inverted,99.638,-1.40903486488,0.0628122451692
inverted,99.638,-1.40903486488,0.0628122451692
inverted,99.638,-1.40903486488,0.0628122451692
inverted,99.638,-1.40903486488,0.0628122451692
inverted,100.338677,-1.41344492479,0.0619088422594
inverted,100.338677,-1.41344492479,0.0619088422594
inverted,100.829001,-1.41653102325,0.0612766534929
inverted,102.446697,-1.58517372936,0.058103391182
inverted,102.4466995,-1.58517423752,0.0581033846449
inverted,102.4466995,-1.58517423752,0.0581033846449
inverted,102.4787,-1.59167879815,0.0580197073569
inverted,102.4787,-1.59167879815,0.0580197073569
inverted,102.813012,-1.65963250746,0.0571455234697
inverted,103.316582,-1.60701028251,0.0610990954779
inverted,103.642825,-1.47357508942,0.0671509870811
inverted,103.642825,-1.47357508942,0.0671509870811
inverted,103.642825,-1.47357508942,0.0671509870811
inverted,103.642825,-1.47357508942,0.0671509870811
inverted,103.642825,-1.47357508942,0.0671509870811
inverted,103.970327,-1.33962495836,0.0732262334583
inverted,104.849267,-1.3462673794,0.0684395169476
inverted,105.176825,-1.48541313419,0.0589679031181
inverted,105.176825,-1.48541313419,0.0589679031181
inverted,105.176825,-1.48541313419,0.0589679031181
inverted,105.176825,-1.48541313419,0.0589679031181
inverted,105.176825,-1.48541313419,0.0589679031181
inverted,105.504012,-1.62458744632,0.0495070588863
inverted,106.007582,-1.6836539467,0.0390702457664
inverted,106.3748,-1.61225774595,0.0342345835188
inverted,106.3748,-1.61225774595,0.0342345835188
inverted,106.374804,-1.61225696825,0.0342345308454
inverted,107.9925,-1.45780644969,0.0123235856925
inverted,108.2915,-1.45856782221,0.00824068549746
inverted,109.5215,-1.46169988976,-0.0085551915591
inverted,110.0865,-1.46313860372,-0.0162703708574
inverted,110.0865,-1.46313860372,-0.0162703708574
inverted,110.0865,-1.46313860372,-0.0162703708574
inverted,110.0865,-1.46313860372,-0.0162703708574
inverted,110.0865,-1.46313860372,-0.0162703708574
inverted,110.646501,-1.46456458824,-0.023917287888
inverted,112.264197,-1.62677813648,-0.0455907979086
inverted,112.2641995,-1.62677863533,-0.0455908300107
inverted,112.2641995,-1.62677863533,-0.0455908300107
inverted,112.630512,-1.69987313313,-0.0502945973114
inverted,113.134082,-1.64142977592,-0.0617444019386
inverted,113.46033,-1.5017758289,-0.0726198808264
inverted,113.46033,-1.5017758289,-0.0726198808264
inverted,113.46033,-1.5017758289,-0.0726198808264
inverted,113.46033,-1.5017758289,-0.0726198808264
inverted,113.46033,-1.5017758289,-0.0726198808264
inverted,113.787827,-1.36158723406,-0.083536995136
inverted,114.666767,-1.3575423759,-0.0872556786676
inverted,114.99433,-1.49462478102,-0.0789774479902
inverted,114.99433,-1.49462478102,-0.0789774479902
inverted,114.99433,-1.49462478102,-0.0789774479902
inverted,114.99433,-1.49462478102,-0.0789774479902
inverted,114.99433,-1.49462478102,-0.0789774479902
inverted,115.321512,-1.63164882234,-0.0707185328073
inverted,115.825082,-1.68628014263,-0.0642999496531
inverted,116.192299,-1.61091573604,-0.0640620929804
inverted,116.192299,-1.61091573604,-0.0640620929804
inverted,116.192304,-1.61091470988,-0.0640620897417
inverted,117.81,-1.43927996732,-0.0618700828447
inverted,118.061261,-1.43720516697,-0.0613464822458
inverted,119.004261,-1.42941829703,-0.0593813727987
inverted,119.115761,-1.42849758017,-0.0591490189245
inverted,120.058761,-1.42071071022,-0.0571839094774
inverted,120.464001,-1.41736442054,-0.056339433388
inverted,122.081697,-1.56217127921,-0.0519743775707
inverted,122.0816995,-1.56217175104,-0.0519743693409
inverted,122.0816995,-1.56217175104,-0.0519743693409
inverted,122.448012,-1.6313070576,-0.0507684916915
inverted,122.951582,-1.57338706989,-0.0537895980371
inverted,123.277835,-1.43793621268,-0.0588364055522
inverted,123.277835,-1.43793621268,-0.0588364055522
inverted,123.277835,-1.43793621268,-0.0588364055522
inverted,123.277835,-1.43793621268,-0.0588364055522
inverted,123.277835,-1.43793621268,-0.0588364055522
inverted,123.605327,-1.30197095833,-0.0639023791577
inverted,124.484267,-1.29336729991,-0.0591022996375
inverted,124.811835,-1.42263581683,-0.0506299583036
inverted,124.811835,-1.42263581683,-0.0506299583036
inverted,124.811835,-1.42263581683,-0.0506299583036
inverted,125.139012,-1.55156344842,-0.0422333104589
inverted,125.642582,-1.60129716894,-0.0328325657117
inverted,126.009799,-1.52800238245,-0.0283390938131
inverted,126.009799,-1.52800238245,-0.0283390938131
inverted,126.009804,-1.52800138447,-0.0283390326303
inverted,127.6275,-1.36596999469,-0.0079578606754
inverted,127.93409,-1.36517698671,-0.00408264651723
inverted,127.93409,-1.36517698671,-0.00408264651723
inverted,127.93409,-1.36517698671,-0.00408264651723
inverted,128.1511955,-1.36501485783,-0.00133849382088
inverted,130.1569845,-1.36351698553,0.024014117203
inverted,130.281501,-1.36342399977,0.0255879708789
inverted,131.899197,-1.5203176746,0.0456592776066
inverted,131.8991995,-1.52031816522,0.045659307323
inverted,131.8991995,-1.52031816522,0.045659307323
inverted,132,-1.54009980773,0.0468574792366
inverted,132,-1.54009980773,0.0468574792366
inverted,132.265512,-1.59220533762,0.050013505458
inverted,132.769082,-1.54174838632,0.0607628127746
inverted,133.095339,-1.4133598844,0.071022862646
inverted,133.095339,-1.4133598844,0.071022862646
inverted,133.095339,-1.4133598844,0.071022862646
inverted,133.095339,-1.4133598844,0.071022862646
inverted,133.095339,-1.4133598844,0.071022862646
inverted,133.422827,-1.28448695994,0.0813216247025
inverted,134.301767,-1.29114122343,0.084905718022
inverted,134.42124,-1.34005203003,0.0820767792976
inverted,134.42124,-1.34005203003,0.0820767792976
inverted,134.45724,-1.35478999625,0.081224354113
inverted,134.92724,-1.54720233295,0.0700954697587
inverted,134.956512,-1.55918593703,0.0694023533697
inverted,135.460082,-1.61576243899,0.0634886309979
inverted,135.827299,-1.54665471263,0.0634303885001
inverted,135.827299,-1.54665471263,0.0634303885001
inverted,135.827304,-1.54665377167,0.0634303877071
inverted,137.445,-1.40266570767,0.0620628025609
inverted,137.670173,-1.40464648016,0.0617222120179
inverted,137.670173,-1.40464648016,0.0617222120179
inverted,137.715573,-1.40504584896,0.0616535412152
inverted,137.715573,-1.40504584896,0.0616535412152
inverted,137.996102,-1.4075135699,0.0612292206952
inverted,138.946102,-1.41587040605,0.0597922765861
inverted,139.287652,-1.41887490857,0.0592756573646
inverted,139.287652,-1.41887490857,0.0592756573646
inverted,139.287652,-1.41887490857,0.0592756573646
inverted,139.63066,-1.42189223662,0.058756832812
inverted,139.99666,-1.42511181771,0.0582032311868
inverted,140.099001,-1.42601207768,0.0580484329794
inverted,141.716697,-1.59853810025,0.05450403752
inverted,141.7166995,-1.59853861468,0.0545040306437
inverted,141.7166995,-1.59853861468,0.0545040306437
inverted,142.083012,-1.67391514081,0.0534964857523
inverted,142.586582,-1.62083724169,0.0570409139442
inverted,142.912834,-1.48600462814,0.0626019066371
inverted,142.912834,-1.48600462814,0.0626019066371
inverted,142.912834,-1.48600462814,0.0626019066371
inverted,142.912834,-1.48600462814,0.0626019066371
inverted,142.912834,-1.48600462814,0.0626019066371
inverted,143.240327,-1.3506591372,0.0681840522789
inverted,144.119267,-1.357314716,0.0634475612196
inverted,144.221834,-1.4013226734,0.0606455147094
inverted,144.691834,-1.60298344123,0.0478054993071
inverted,144.774012,-1.63824318289,0.0455604635928
inverted,145.277582,-1.69761368902,0.0356324197844
inverted,145.644799,-1.6253024521,0.0309653007233
inverted,145.644799,-1.6253024521,0.0309653007233
inverted,145.644804,-1.62530146752,0.0309652371762
inverted,147.2625,-1.46722378626,0.00975134346141
inverted,147.6255,-1.46725063,0.00497091132977
inverted,147.6255,-1.46725063,0.00497091132977
inverted,147.6255,-1.46725063,0.00497091132977
inverted,147.6255,-1.46725063,0.00497091132977
inverted,148.038,-1.46728113424,-0.000461397910723
inverted,148.408,-1.46730849563,-0.00533401468402
inverted,149.25851,-1.46737139058,-0.0165345803377
inverted,149.25851,-1.46737139058,-0.0165345803377
inverted,149.25851,-1.46737139058,-0.0165345803377
inverted,149.9165015,-1.46742004884,-0.0251998247149
inverted,151.5341975,-1.62604413408,-0.0461500971725
inverted,151.5342,-1.6260446267,-0.0461501282282
inverted,151.5342,-1.6260446267,-0.0461501282282
inverted,151.900512,-1.69822542521,-0.0507005598004
inverted,152.404082,-1.63914544648,-0.0617846172235
inverted,152.730339,-1.49949116788,-0.0723104949811
inverted,152.730339,-1.49949116788,-0.0723104949811
inverted,152.730339,-1.49949116788,-0.0723104949811
inverted,152.730339,-1.49949116788,-0.0723104949811
inverted,152.730339,-1.49949116788,-0.0723104949811
inverted,153.057827,-1.35930995984,-0.0828760879188
inverted,153.936767,-1.35331621372,-0.086713201866
inverted,154.079339,-1.41230806873,-0.0832990608406
inverted,154.449339,-1.56540254978,-0.0744387504053
inverted,154.591512,-1.62422931101,-0.0710341641472
inverted,155.095082,-1.67770014621,-0.0651308852253
inverted,155.218397,-1.65245775669,-0.0651497029655
inverted,155.218397,-1.65245775669,-0.0651497029655
inverted,155.462299,-1.60253139501,-0.0651869221558
inverted,155.462299,-1.60253139501,-0.0651869221558
inverted,155.462304,-1.60253037152,-0.0651869229188
inverted,157.08,-1.43159598508,-0.0642977074405
inverted,157.08,-1.43159598508,-0.0642977074405
normal,0,-1.49313245322,-0.0187969932256
normal,0.1795,-1.4906416994,-0.0187138028701
normal,0.4925,-1.48629849079,-0.0185687411359
normal,0.8695,-1.48106721396,-0.0183940182165
normal,1.1945,-1.47655749256,-0.0182433950101
normal,1.327628,-1.47471019966,-0.0181816960372
normal,1.327628,-1.47471019966,-0.0181816960372
normal,1.334,-1.47462178137,-0.0181787428954
normal,1.334,-1.47462178137,-0.0181787428954
normal,1.334,-1.47462178137,-0.0181787428954
normal,1.3975,-1.47374065119,-0.0181493134382
normal,1.7225,-1.46923092979,-0.0179986902318
normal,2.0935,-1.46408290936,-0.0178267480485
normal,2.4185,-1.45957318795,-0.0176761248421
normal,2.456,-1.45905283548,-0.0176587452414
normal,2.526,-1.45808151087,-0.01762630332
normal,2.654001,-1.45630536057,-0.017566980486
normal,4.271697,-1.59211926196,-0.0164632269857
normal,4.2717,-1.59211981132,-0.0164632244865
normal,4.2717,-1.59211981132,-0.0164632244865
normal,4.514819,-1.63663933866,-0.0162606938708
normal,4.514819,-1.63663933866,-0.0162606938708
normal,4.638012,-1.65919822601,-0.0161580677736
normal,5.141582,-1.59759915004,-0.0172185156885
normal,5.467797,-1.4592810677,-0.0188864000333
normal,5.467797,-1.4592810677,-0.0188864000333
normal,5.467797,-1.4592810677,-0.0188864000333
normal,5.467797,-1.4592810677,-0.0188864000333
normal,5.467797,-1.4592810677,-0.0188864000333
normal,5.795327,-1.32040541357,-0.0205610077596
normal,6.674267,-1.30933995971,-0.0190435287458
normal,6.816797,-1.36602782659,-0.0178448520105
normal,7.186797,-1.51318639492,-0.0147331534767
normal,7.329012,-1.56974897815,-0.0135371258902
normal,7.832582,-1.62082653308,-0.0104459678272
normal,7.997852,-1.58809893162,-0.00977653527201
normal,7.997852,-1.58809893162,-0.00977653527201
normal,8.199799,-1.54810836508,-0.0089585411035
normal,8.199799,-1.54810836508,-0.0089585411035
normal,8.199804,-1.54810737495,-0.0089585208508
normal,9.8175,-1.38806717481,-0.00218487009056
normal,10.7355,-1.38710351083,0.00166081137162
normal,10.7355,-1.38710351083,0.00166081137162
normal,10.8335,-1.38700063602,0.00207135252989
normal,10.8335,-1.38700063602,0.00207135252989
normal,11.3695,-1.38643797382,0.00431676131391
normal,11.7395,-1.38604956895,0.00586676364616
normal,12.471501,-1.38528115609,0.00893325893591
normal,14.089197,-1.54169821274,0.0156033622172
normal,14.0891995,-1.54169870259,0.0156033721202
normal,14.0891995,-1.54169870259,0.0156033721202
normal,14.455512,-1.61347405526,0.0170544065427
normal,14.959082,-1.5618132206,0.0205936415087
normal,15.285302,-1.43200020871,0.0239535411996
normal,15.285302,-1.43200020871,0.0239535411996
normal,15.285302,-1.43200020871,0.0239535411996
normal,15.285302,-1.43200020871,0.0239535411996
normal,15.285302,-1.43200020871,0.0239535411996
normal,15.612827,-1.30166789702,0.0273268817252
normal,16.491767,-1.31099489639,0.0285719026342
normal,16.819302,-1.44860229732,0.026081367317
normal,16.819302,-1.44860229732,0.026081367317
normal,16.819302,-1.44860229732,0.026081367317
normal,16.819302,-1.44860229732,0.026081367317
normal,16.819302,-1.44860229732,0.026081367317
normal,17.146512,-1.5860731453,0.0235464142996
normal,17.650082,-1.64643954627,0.0216035328905
normal,18.017299,-1.57884117984,0.0215738922936
normal,18.017299,-1.57884117984,0.0215738922936
normal,18.017304,-1.57884025942,0.02157389189
normal,19.635,-1.44156508578,0.0211183828928
normal,20.159,-1.44833121122,0.0208541903524
normal,20.724,-1.45562674723,0.0205693262583
normal,20.724,-1.45562674723,0.0205693262583
normal,20.724,-1.45562674723,0.0205693262583
normal,21.098,-1.4604560047,0.0203807613536
normal,21.098,-1.4604560047,0.0203807613536
normal,21.098,-1.4604560047,0.0203807613536
normal,21.098,-1.4604560047,0.0203807613536
normal,21.678,-1.46794522751,0.0200883344959
normal,21.678,-1.46794522751,0.0200883344959
normal,22.2890015,-1.47583475574,0.0197802771706
normal,23.9066975,-1.65511511953,0.01861098964
normal,23.9067,-1.65511564423,0.0186109874376
normal,23.9067,-1.65511564423,0.0186109874376
normal,24.273012,-1.73199695337,0.0182882826609
normal,24.776582,-1.67689448739,0.019426853684
normal,25.102807,-1.53814250076,0.0212101100565
normal,25.102807,-1.53814250076,0.0212101100565
normal,25.102807,-1.53814250076,0.0212101100565
normal,25.102807,-1.53814250076,0.0212101100565
normal,25.102807,-1.53814250076,0.0212101100565
normal,25.430327,-1.39883971692,0.0230004453378
normal,26.309267,-1.40947872045,0.0215231923654
normal,26.636807,-1.55706766649,0.0186810809834
normal,26.636807,-1.55706766649,0.0186810809834
normal,26.636807,-1.55706766649,0.0186810809834
normal,26.964012,-1.70450566213,0.0158418764443
normal,27.467582,-1.76964693991,0.0127275890132
normal,27.834799,-1.69772751353,0.0113074701927
normal,27.834799,-1.69772751353,0.0113074701927
normal,27.834804,-1.69772653428,0.0113074508565
normal,29.4525,-1.54126747052,0.00478718846324
normal,29.8225,-1.54168853266,0.00329950722207
normal,29.8225,-1.54168853266,0.00329950722207
normal,29.8225,-1.54168853266,0.00329950722207
normal,29.8225,-1.54168853266,0.00329950722207
normal,29.8225,-1.54168853266,0.00329950722207
normal,30.3565,-1.54229622775,0.00115242132266
normal,30.3565,-1.54229622775,0.00115242132266
normal,30.3565,-1.54229622775,0.00115242132266
normal,30.7885,-1.54278784624,-0.000584547045407
normal,30.7885,-1.54278784624,-0.000584547045407
normal,31.5865,-1.54369597486,-0.0037931136142
normal,31.5865,-1.54369597486,-0.0037931136142
normal,32.106501,-1.544287739,-0.00588391289281
normal,33.724197,-1.70460784217,-0.0123894092103
normal,33.7241995,-1.70460833746,-0.0123894188555
normal,33.7241995,-1.70460833746,-0.0123894188555
normal,34.090512,-1.77718038869,-0.0138026911656
normal,34.594082,-1.71263276064,-0.0169834997748
normal,34.920312,-1.56565441037,-0.0199042717398
normal,34.920312,-1.56565441037,-0.0199042717398
normal,34.920312,-1.56565441037,-0.0199042717398
normal,34.920312,-1.56565441037,-0.0199042717398
normal,34.920312,-1.56565441037,-0.0199042717398
normal,35.247827,-1.41809712138,-0.0228365484467
normal,36.126767,-1.40954611716,-0.0242892561589
normal,36.454312,-1.55045465573,-0.022390074148
normal,36.454312,-1.55045465573,-0.022390074148
normal,36.454312,-1.55045465573,-0.022390074148
normal,36.781512,-1.6912147767,-0.0204928925273
normal,37.285082,-1.74767815217,-0.0192582377805
normal,37.45044,-1.7130504962,-0.01939528002
normal,37.45044,-1.7130504962,-0.01939528002
normal,37.652299,-1.67077915761,-0.0195625728599
normal,37.652299,-1.67077915761,-0.0195625728599
normal,37.652304,-1.67077811056,-0.0195625770037
normal,39.27,-1.4921659174,-0.0206196912396
normal,39.521261,-1.48903920146,-0.020730127603
normal,40.464261,-1.47730441917,-0.021144602952
normal,40.575761,-1.47591690249,-0.0211936103766
normal,41.518761,-1.4641821202,-0.0216080857257
normal,41.924001,-1.45913927484,-0.0217862002437
normal,43.541697,-1.59720563775,-0.0221007473108
normal,43.5416995,-1.59720609913,-0.0221007472909
normal,43.5416995,-1.59720609913,-0.0221007472909
normal,43.908012,-1.66480979313,-0.0220978414568
normal,44.411582,-1.60327236708,-0.0240684756163
normal,44.737806,-1.46456315122,-0.0266625095037
normal,44.737806,-1.46456315122,-0.0266625095037
normal,44.737806,-1.46456315122,-0.0266625095037
normal,44.737806,-1.46456315122,-0.0266625095037
normal,44.737806,-1.46456315122,-0.0266625095037
normal,45.065327,-1.32530245585,-0.02926685674
normal,45.944267,-1.31486043383,-0.0279510271664
normal,46.110806,-1.38154094599,-0.0261500810813
normal,46.110806,-1.38154094599,-0.0261500810813
normal,46.110806,-1.38154094599,-0.0261500810813
normal,46.599012,-1.57701363479,-0.0208706409238
normal,47.102582,-1.62862944522,-0.0171450805829
normal,47.469799,-1.55570602264,-0.01560393979
normal,47.469799,-1.55570602264,-0.01560393979
normal,47.469804,-1.55570502972,-0.0156039188059
normal,49.0875,-1.39484908776,-0.00847454656273
normal,49.4575,-1.39425527964,-0.0068267186677
normal,49.4575,-1.39425527964,-0.0068267186677
normal,49.4575,-1.39425527964,-0.0068267186677
normal,49.4575,-1.39425527964,-0.0068267186677
normal,49.4575,-1.39425527964,-0.0068267186677
normal,51.7415015,-1.3905897158,0.00334528507283
normal,53.3591975,-1.54617308982,0.0105816129988
normal,53.3592,-1.54617357828,0.0105816238732
normal,53.3592,-1.54617357828,0.0105816238732
normal,53.725512,-1.6177439916,0.0121749908124
normal,54.229082,-1.56544632731,0.0154403677288
normal,54.555311,-1.43500128939,0.01831160771
normal,54.555311,-1.43500128939,0.01831160771
normal,54.555311,-1.43500128939,0.01831160771
normal,54.555311,-1.43500128939,0.01831160771
normal,54.555311,-1.43500128939,0.01831160771
normal,54.882827,-1.30404163517,0.021194174967
normal,55.761767,-1.3120947205,0.0230419026045
normal,56.089311,-1.44933488105,0.021471667492
normal,56.089311,-1.44933488105,0.021471667492
normal,56.089311,-1.44933488105,0.021471667492
normal,56.089311,-1.44933488105,0.021471667492
normal,56.089311,-1.44933488105,0.021471667492
normal,56.416512,-1.58643132468,0.0199005448239
normal,56.920082,-1.64629505991,0.0191147589466
normal,57.2873,-1.57839326808,0.0197187000993
normal,57.2873,-1.57839326808,0.0197187000993
normal,57.2873045,-1.57839243599,0.0197187075002
normal,58.9050005,-1.43979249408,0.022072207372
normal,59.156261,-1.44282970213,0.0223840096595
normal,60.099261,-1.45422857777,0.0235542276488
normal,60.210761,-1.45557637696,0.0236925938268
normal,61.153761,-1.46697525261,0.0248628118161
normal,61.5590015,-1.47187375321,0.0253656959339
normal,63.1766975,-1.64987551412,0.0268824448698
normal,63.1767,-1.64987603675,0.026882446596
normal,63.1767,-1.64987603675,0.026882446596
normal,63.543012,-1.72645487453,0.0271353740773
normal,64.046582,-1.67157800526,0.0299595203588
normal,64.372816,-1.53337746428,0.0334494230005
normal,64.372816,-1.53337746428,0.0334494230005
normal,64.372816,-1.53337746428,0.0334494230005
normal,64.372816,-1.53337746428,0.0334494230005
normal,64.372816,-1.53337746428,0.0334494230005
normal,64.700327,-1.39463595548,0.0369529864062
normal,65.579267,-1.40537472792,0.035633458559
normal,65.906816,-1.55249237358,0.0311887831278
normal,65.906816,-1.55249237358,0.0311887831278
normal,65.906816,-1.55249237358,0.0311887831278
normal,66.234012,-1.69945147035,0.0267488977293
normal,66.737582,-1.76443398386,0.0221666999758
normal,67.1048,-1.69281904582,0.0203682048772
normal,67.1048,-1.69281904582,0.0203682048772
normal,67.1048045,-1.69281816823,0.0203681828379
normal,68.7225005,-1.53760602358,0.0119900819637
normal,69.08625,-1.53832027999,0.010076822114
normal,69.08625,-1.53832027999,0.010076822114
normal,69.08625,-1.53832027999,0.010076822114
normal,69.08625,-1.53832027999,0.010076822114
normal,69.59625,-1.53932171304,0.00739430977137
normal,69.59625,-1.53932171304,0.00739430977137
normal,69.59625,-1.53932171304,0.00739430977137
normal,69.94025,-1.53999205401,0.00544889424446
normal,70.46955,-1.54102348271,0.00245555576077
normal,70.565273,-1.54121001483,0.00191421561402
normal,70.905773,-1.54187353547,-1.14064409584e-05
normal,71.041223,-1.54213748222,-0.000777413804677
normal,71.041223,-1.54213748222,-0.000777413804677
normal,71.188223,-1.54242393607,-0.00160873962577
normal,71.188223,-1.54242393607,-0.00160873962577
normal,71.376501,-1.54279082693,-0.00267350399953
normal,72.994197,-1.70435068252,-0.0117497463533
normal,72.9941995,-1.70435117985,-0.0117497600961
normal,72.9941995,-1.70435117985,-0.0117497600961
normal,73.360512,-1.77722170608,-0.0137634137741
normal,73.864082,-1.71303182177,-0.0179059050868
normal,74.190321,-1.56623873522,-0.0215634104436
normal,74.190321,-1.56623873522,-0.0215634104436
normal,74.190321,-1.56623873522,-0.0215634104436
normal,74.190321,-1.56623873522,-0.0215634104436
normal,74.190321,-1.56623873522,-0.0215634104436
normal,74.517827,-1.41887555483,-0.0252351202925
normal,75.396767,-1.41126983556,-0.0272351668029
normal,75.693797,-1.53955357523,-0.0251894956959
normal,75.693797,-1.53955357523,-0.0251894956959
normal,75.865797,-1.61383833847,-0.0240049169314
normal,75.865797,-1.61383833847,-0.0240049169314
normal,76.051512,-1.69404644779,-0.0227258817847
normal,76.555082,-1.75099146658,-0.0212971456816
normal,76.9223,-1.67415991052,-0.0217111603844
normal,76.9223,-1.67415991052,-0.0217111603844
normal,76.9223045,-1.67415896901,-0.0217111654578
normal,78.5400005,-1.49585390289,-0.0230974553661
normal,78.924,-1.49114584498,-0.0233292770933
normal,78.924,-1.49114584498,-0.0233292770933
normal,78.924,-1.49114584498,-0.0233292770933
normal,79.4089,-1.48519583783,-0.0235022974854
normal,79.7289,-1.4812692503,-0.0236164788125
normal,80.634,-1.4701631429,-0.0239394335597
normal,80.634,-1.4701631429,-0.0239394335597
normal,80.634,-1.4701631429,-0.0239394335597
normal,80.634,-1.4701631429,-0.0239394335597
normal,80.634,-1.4701631429,-0.0239394335597
normal,81.194001,-1.46329160247,-0.0241392512389
normal,82.811697,-1.60160772304,-0.0243202553044
normal,82.8116995,-1.60160818486,-0.0243202548314
normal,82.8116995,-1.60160818486,-0.0243202548314
normal,83.178012,-1.6692756047,-0.0242509594029
normal,83.681582,-1.60730881669,-0.0263985462205
normal,84.007826,-1.46798854921,-0.0292834928403
normal,84.007826,-1.46798854921,-0.0292834928403
normal,84.007826,-1.46798854921,-0.0292834928403
normal,84.007826,-1.46798854921,-0.0292834928403
normal,84.007826,-1.46798854921,-0.0292834928403
normal,84.335327,-1.32813148848,-0.0321795549991
normal,85.214267,-1.31698768583,-0.0305880404918
normal,85.541826,-1.44819124038,-0.0265649992211
normal,85.541826,-1.44819124038,-0.0265649992211
normal,85.541826,-1.44819124038,-0.0265649992211
normal,85.869012,-1.57924539002,-0.0225465390926
normal,86.372582,-1.63066756876,-0.0182345807379
normal,86.739799,-1.5574082375,-0.0163598227302
normal,86.739799,-1.5574082375,-0.0163598227302
normal,86.739804,-1.55740724,-0.0163597972036
normal,88.3575,-1.39515499308,-0.00784985398329
normal,91.011501,-1.38847902896,0.00636052290458
normal,92.629197,-1.54266609208,0.0148759740027
normal,92.6291995,-1.54266657824,0.0148759866873
normal,92.6291995,-1.54266657824,0.0148759866873
normal,92.995512,-1.61390226196,0.0167345879697
normal,93.499082,-1.56156358423,0.0210175126522
normal,93.82532,-1.43136172795,0.0249986561312
normal,93.82532,-1.43136172795,0.0249986561312
normal,93.82532,-1.43136172795,0.0249986561312
normal,93.82532,-1.43136172795,0.0249986561312
normal,93.82532,-1.43136172795,0.0249986561312
normal,94.152827,-1.30065341271,0.0289952854551
normal,95.031767,-1.30822485708,0.0304606507112
normal,95.35932,-1.44483950616,0.027504333836
normal,95.35932,-1.44483950616,0.027504333836
normal,95.35932,-1.44483950616,0.027504333836
normal,95.686512,-1.58130359062,0.0245512751524
normal,96.190082,-1.64079457764,0.0222391744479
normal,96.5573,-1.57306528873,0.0221263800164
normal,96.5573,-1.57306528873,0.0221263800164
normal,96.5573045,-1.57306445876,0.0221263786342
normal,98.1750005,-1.43519811041,0.0212301988829
normal,98.471,-1.43891513371,0.020985111556
normal,98.471,-1.43891513371,0.020985111556
normal,98.471,-1.43891513371,0.020985111556
normal,99.638,-1.45356977398,0.0200188365772
normal,99.638,-1.45356977398,0.0200188365772
normal,99.638,-1.45356977398,0.0200188365772
normal,99.638,-1.45356977398,0.0200188365772
normal,100.338677,-1.46236854809,0.0194386766344
normal,100.338677,-1.46236854809,0.0194386766344
normal,100.829001,-1.46852580759,0.0190326887915
normal,102.446697,-1.64730509729,0.0173891602987
normal,102.4466995,-1.6473056211,0.0173891572263
normal,102.4466995,-1.6473056211,0.0173891572263
normal,102.4787,-1.65401046853,0.0173498298373
normal,102.4787,-1.65401046853,0.0173498298373
normal,102.813012,-1.72405659143,0.0169389731926
normal,103.316582,-1.66972771261,0.0178463605163
normal,103.642825,-1.5320671233,0.0194386083459
normal,103.642825,-1.5320671233,0.0194386083459
normal,103.642825,-1.5320671233,0.0194386083459
normal,103.642825,-1.5320671233,0.0194386083459
normal,103.642825,-1.5320671233,0.0194386083459
normal,103.970327,-1.39387528985,0.0210370007978
normal,104.849267,-1.40579099239,0.0193968843613
normal,105.176825,-1.55329112034,0.0166369786645
normal,105.176825,-1.55329112034,0.0166369786645
normal,105.176825,-1.55329112034,0.0166369786645
normal,105.176825,-1.55329112034,0.0166369786645
normal,105.176825,-1.55329112034,0.0166369786645
normal,105.504012,-1.70081023488,0.0138802192704
normal,106.007582,-1.76654094878,0.0107446280535
normal,106.3748,-1.69536017794,0.00919634733452
normal,106.3748,-1.69536017794,0.00919634733452
normal,106.374804,-1.69535940259,0.00919633046954
normal,107.9925,-1.54183368981,0.00224820493067
normal,108.2915,-1.54277078495,0.000958260523827
normal,109.5215,-1.54662572483,-0.00434819974511
normal,110.0865,-1.54839648989,-0.00678572011255
normal,110.0865,-1.54839648989,-0.00678572011255
normal,110.0865,-1.54839648989,-0.00678572011255
normal,110.0865,-1.54839648989,-0.00678572011255
normal,110.0865,-1.54839648989,-0.00678572011255
normal,110.646501,-1.5501515876,-0.00920167381749
normal,112.264197,-1.71333658508,-0.0159982294316
normal,112.2641995,-1.7133370854,-0.015998239408
normal,112.2641995,-1.7133370854,-0.015998239408
normal,112.630512,-1.78664670757,-0.0174600252568
normal,113.134082,-1.72179588121,-0.0212405928522
normal,113.46033,-1.57376602127,-0.0249138484827
normal,113.46033,-1.57376602127,-0.0249138484827
normal,113.46033,-1.57376602127,-0.0249138484827
normal,113.46033,-1.57376602127,-0.0249138484827
normal,113.46033,-1.57376602127,-0.0249138484827
normal,113.787827,-1.42516944738,-0.0286011667167
normal,114.666767,-1.41686059459,-0.0294639075642
normal,114.99433,-1.55902775841,-0.0263895771831
normal,114.99433,-1.55902775841,-0.0263895771831
normal,114.99433,-1.55902775841,-0.0263895771831
normal,114.99433,-1.55902775841,-0.0263895771831
normal,114.99433,-1.55902775841,-0.0263895771831
normal,115.321512,-1.7011306371,-0.0233285016589
normal,115.825082,-1.75816322894,-0.0207201342027
normal,116.192299,-1.68055456227,-0.0202904784242
normal,116.192299,-1.68055456227,-0.0202904784242
normal,116.192304,-1.68055350555,-0.0202904725741
normal,117.81,-1.49900893757,-0.0180341189793
normal,118.061261,-1.49539724495,-0.0176244044321
normal,119.004261,-1.4818423115,-0.0160867172542
normal,119.115761,-1.48023958076,-0.0159049016441
normal,120.058761,-1.46668464731,-0.0143672144662
normal,120.464001,-1.46085961949,-0.013706416638
normal,122.081697,-1.59576795666,-0.0108593008753
normal,122.0816995,-1.59576841321,-0.0108592961225
normal,122.0816995,-1.59576841321,-0.0108592961225
normal,122.448012,-1.66266421127,-0.0101628923312
normal,122.951582,-1.599896102,-0.0100971949717
normal,123.277835,-1.46024564524,-0.0106290140461
normal,123.277835,-1.46024564524,-0.0106290140461
normal,123.277835,-1.46024564524,-0.0106290140461
normal,123.277835,-1.46024564524,-0.0106290140461
normal,123.277835,-1.46024564524,-0.0106290140461
normal,123.605327,-1.32006484266,-0.0111628527918
normal,124.484267,-1.30622716605,-0.00957904731005
normal,124.811835,-1.43563145401,-0.00792344721663
normal,124.811835,-1.43563145401,-0.00792344721663
normal,124.811835,-1.43563145401,-0.00792344721663
normal,125.139012,-1.56469458366,-0.00633543025929
normal,125.642582,-1.6143433234,-0.00437065902134
normal,126.009799,-1.5407794764,-0.00324669406434
normal,126.009799,-1.5407794764,-0.00324669406434
normal,126.009804,-1.54077847476,-0.00324667876052
normal,127.6275,-1.37758962718,0.00180819270288
normal,127.93409,-1.37657205424,0.00274942131889
normal,127.93409,-1.37657205424,0.00274942131889
normal,127.93409,-1.37657205424,0.00274942131889
normal,128.1511955,-1.37625090582,0.00341593309068
normal,130.1569845,-1.37328388763,0.00957368579719
normal,130.281501,-1.3730996994,0.0099559502402
normal,131.899197,-1.52878445481,0.0148068920052
normal,131.8991995,-1.52878494359,0.0148068990827
normal,131.8991995,-1.52878494359,0.0148068990827
normal,132,-1.54849286363,0.0150922670318
normal,132,-1.54849286363,0.0150922670318
normal,132.265512,-1.600404206,0.01584393607
normal,132.769082,-1.54973444789,0.0186949062575
normal,133.095339,-1.4213082139,0.0215181193053
normal,133.095339,-1.4213082139,0.0215181193053
normal,133.095339,-1.4213082139,0.0215181193053
normal,133.095339,-1.4213082139,0.0215181193053
normal,133.095339,-1.4213082139,0.0215181193053
normal,133.422827,-1.292397415,0.0243519846158
normal,134.301767,-1.30312625301,0.0250688636688
normal,134.42124,-1.35320945873,0.0242209283437
normal,134.42124,-1.35320945873,0.0242209283437
normal,134.45724,-1.36830069613,0.0239654256636
normal,134.92724,-1.56532518439,0.0206296962287
normal,134.956512,-1.5775960372,0.0204219441606
normal,135.460082,-1.63822562345,0.0185321538749
normal,135.827299,-1.57134391178,0.0183434864553
normal,135.827299,-1.57134391178,0.0183434864553
normal,135.827304,-1.57134300112,0.0183434838864
normal,137.445,-1.43717881367,0.0172086070882
normal,137.670173,-1.44052529495,0.017013619634
normal,137.670173,-1.44052529495,0.017013619634
normal,137.715573,-1.44120002172,0.0169743057268
normal,137.715573,-1.44120002172,0.0169743057268
normal,137.996102,-1.44536919408,0.016731383016
normal,138.946102,-1.45948792599,0.0159087351783
normal,139.287652,-1.46456398166,0.015612971632
normal,139.287652,-1.46456398166,0.015612971632
normal,139.287652,-1.46456398166,0.015612971632
normal,139.63066,-1.46966170586,0.0153159455378
normal,139.99666,-1.4751011331,0.014999009634
normal,140.099001,-1.47662210694,0.0149103879473
normal,141.716697,-1.65897233613,0.0132087075067
normal,141.7166995,-1.65897286571,0.0132087046064
normal,141.7166995,-1.65897286571,0.0132087046064
normal,142.083012,-1.73656916154,0.0127837369439
normal,142.586582,-1.68187464533,0.013337193844
normal,142.912834,-1.54299632199,0.0144442247931
normal,142.912834,-1.54299632199,0.0144442247931
normal,142.912834,-1.54299632199,0.0144442247931
normal,142.912834,-1.54299632199,0.0144442247931
normal,142.912834,-1.54299632199,0.0144442247931
normal,143.240327,-1.40358973217,0.0155554666755
normal,144.119267,-1.41562684056,0.0141309181727
normal,144.221834,-1.46222051471,0.0134653681291
normal,144.691834,-1.67572999488,0.010415571211
normal,144.774012,-1.71306144607,0.00988232395326
normal,145.277582,-1.77910923437,0.00742331930991
normal,145.644799,-1.70714062873,0.00616725793419
normal,145.644799,-1.70714062873,0.00616725793419
normal,145.644804,-1.70713964881,0.00616724083175
normal,147.2625,-1.55055089861,0.000458221534764
normal,147.6255,-1.5509167626,-0.000811737301411
normal,147.6255,-1.5509167626,-0.000811737301411
normal,147.6255,-1.5509167626,-0.000811737301411
normal,147.6255,-1.5509167626,-0.000811737301411
normal,148.038,-1.55133251713,-0.00225487234252
normal,148.408,-1.55170543634,-0.00354932074303
normal,149.25851,-1.55256265667,-0.0065248377947
normal,149.25851,-1.55256265667,-0.0065248377947
normal,149.25851,-1.55256265667,-0.0065248377947
normal,149.9165015,-1.55322583957,-0.00882682710476
normal,151.5341975,-1.71339533633,-0.0143986130354
normal,151.5342,-1.71339583128,-0.0143986212425
normal,151.5342,-1.71339583128,-0.0143986212425
normal,151.900512,-1.785918811,-0.0156011541587
normal,152.404082,-1.72051837717,-0.0186560294387
normal,152.730339,-1.57248534243,-0.0216003345166
normal,152.730339,-1.57248534243,-0.0216003345166
normal,152.730339,-1.57248534243,-0.0216003345166
normal,152.730339,-1.57248534243,-0.0216003345166
normal,152.730339,-1.57248534243,-0.0216003345166
normal,153.057827,-1.42389376438,-0.0245557487494
normal,153.936767,-1.41391443387,-0.0255359947164
normal,154.079339,-1.47521523211,-0.0245522485827
normal,154.449339,-1.63430183641,-0.0219992503119
normal,154.591512,-1.6954310791,-0.0210182572763
normal,155.095082,-1.75146650504,-0.0192839534212
normal,155.218397,-1.72546629237,-0.0192736976125
normal,155.218397,-1.72546629237,-0.0192736976125
normal,155.462299,-1.67404104911,-0.0192534128763
normal,155.462299,-1.67404104911,-0.0192534128763
normal,155.462304,-1.67403999489,-0.0192534124604
normal,157.08,-1.49313245322,-0.0187969932255
normal,157.08,-1.49313245322,-0.0187969932255
