knob,value,uncertainty
BR.BHZ101.dk0l,0.00091566057117258,8.271449736466526e-06
BR.BHZ102.dk0l,0.0021476990698835524,9.146437580596495e-06
BR.BHZ11.dk0l,-0.000750211359174176,8.424353671104207e-06
BR.BHZ111.dk0l,0.00015602288643856423,8.224855536852724e-06
BR.BHZ112.dk0l,-0.001463581689374841,9.17224558995941e-06
BR.BHZ12.dk0l,0.0030167977282452713,9.38648063685508e-06
BR.BHZ121.dk0l,0.0011505898553684614,8.15587951495561e-06
BR.BHZ122.dk0l,0.0008016309180167674,9.099438959601197e-06
BR.BHZ131.dk0l,-0.0009479735905569098,8.146307609745191e-06
BR.BHZ132.dk0l,0.00031609433491808393,9.106810732388367e-06
BR.BHZ141.dk0l,0.0030030219624319235,8.193868597530869e-06
BR.BHZ142.dk0l,-0.0006374234833507093,9.107289181319293e-06
BR.BHZ151.dk0l,-0.0051703286428461965,8.310293035923079e-06
BR.BHZ152.dk0l,0.005884182691577358,9.470999063210608e-06
BR.BHZ161.dk0l,-5.176506549707589e-05,8.409115518613376e-06
BR.BHZ162.dk0l,-0.00394185805708986,9.235985930861367e-06
BR.BHZ21.dk0l,0.000788342901372015,8.277939787622298e-06
BR.BHZ22.dk0l,-0.0035187270376052745,9.198511501163098e-06
BR.BHZ31.dk0l,0.00024254332877406137,8.26852432239455e-06
BR.BHZ32.dk0l,0.0021158899515500806,9.163932726330806e-06
BR.BHZ41.dk0l,0.0002449558877890486,8.231371599943817e-06
BR.BHZ42.dk0l,-0.0022036607500600723,9.19903534620978e-06
BR.BHZ51.dk0l,0.0016529735490449842,8.193001175610573e-06
BR.BHZ52.dk0l,-5.0228680746525374e-05,9.123881381324533e-06
BR.BHZ61.dk0l,3.5711367920988615e-05,8.166650707131594e-06
BR.BHZ62.dk0l,0.00041660961387898125,9.118810599874734e-06
BR.BHZ71.dk0l,0.0004987140810669784,8.219055058889594e-06
BR.BHZ72.dk0l,-0.0006028249284748975,9.165038428642788e-06
BR.BHZ81.dk0l,-0.000930238560193277,8.234861538355415e-06
BR.BHZ82.dk0l,0.0012889505611901795,9.194003766352951e-06
BR.BHZ91.dk0l,0.0021402113675960087,8.325276933108971e-06
BR.BHZ92.dk0l,-0.003974120260605237,9.33269671358735e-06
BR.QDE1.dk1l,-0.003070201653630744,0.0005989933145907397
BR.QDE1.dy,6.490883100755775e-05,2.7392819482638054e-06
BR.QDE1.tilt,0.012246461265562985,0.0005839259085286111
BR.QDE10.dk1l,-0.002536208750927479,0.0004585101462081727
BR.QDE10.dy,-7.663900654891199e-06,2.5293565674851605e-06
BR.QDE10.tilt,0.0004846468495924036,0.0005775440089330873
BR.QDE11.dk1l,-0.002727387500417383,0.0005391565379939904
BR.QDE11.dy,0.00011899441365250752,2.55968051002033e-06
BR.QDE11.tilt,-0.004438755242693794,0.0005810579260373801
BR.QDE12.dk1l,-0.0023569704263196028,0.00039572265671242434
BR.QDE12.dy,3.030445222234619e-05,2.4582002453823193e-06
BR.QDE12.tilt,-0.0009104945493991314,0.0005719077345962422
BR.QDE13.dk1l,-0.002666459860935355,0.0005136080294755708
BR.QDE13.dy,7.433405291853038e-05,2.4529495365296586e-06
BR.QDE13.tilt,-0.001495791389822709,0.0005743808809884758
BR.QDE14.dk1l,-0.002412911507105373,0.00035971110491908397
BR.QDE14.dy,-1.2732125490381021e-06,2.470376539420875e-06
BR.QDE14.tilt,0.0012348531493278146,0.0005745065339065655
BR.QDE15.dk1l,-0.0030690635262994133,0.0005516690918334555
BR.QDE15.dy,0.00012090093018683282,2.9274666620369e-06
BR.QDE15.tilt,0.028678789194935366,0.0005812524508523461
BR.QDE16.dk1l,-0.0040540321381873495,0.0005380574086942933
BR.QDE16.dy,-8.207003839242745e-05,2.6600358873720035e-06
BR.QDE16.tilt,0.007456596413152405,0.0005819949311374721
BR.QDE2.dk1l,-0.0026114586904844228,0.0005405411077993029
BR.QDE2.dy,-0.00011127126269884866,2.597222746540838e-06
BR.QDE2.tilt,0.007447995444967951,0.000587537880964912
BR.QDE3.dk1l,-0.002740422382725029,0.0004586710234212509
BR.QDE3.dy,-4.636897380194438e-05,2.547999320705146e-06
BR.QDE3.tilt,-0.005196993647922602,0.0005807171405098125
BR.QDE4.dk1l,-0.003112877793041339,0.0006007312099029391
BR.QDE4.dy,5.394245932133274e-05,2.627746920853917e-06
BR.QDE4.tilt,-0.01092630436230525,0.0005936133939996319
BR.QDE5.dk1l,-0.002545776373088611,0.0006071859758574958
BR.QDE5.dy,9.958709194697315e-05,2.5028673840867506e-06
BR.QDE5.tilt,-0.006249728190364961,0.0005905904814348533
BR.QDE6.dk1l,-0.002882496518086749,0.0006031700238398845
BR.QDE6.dy,1.2855798053781169e-05,2.4592819519110544e-06
BR.QDE6.tilt,0.00038213955560378583,0.0005910959398198013
BR.QDE7.dk1l,-0.0028483627189945905,0.0005534982532468223
BR.QDE7.dy,5.34094018432855e-05,2.5179803133837664e-06
BR.QDE7.tilt,-0.002502347520112963,0.0005842506056012331
BR.QDE8.dk1l,-0.003466285876795154,0.0004918520147592752
BR.QDE8.dy,-4.6595629119860574e-05,2.528891004497873e-06
BR.QDE8.tilt,-0.005724593720616582,0.0005769497600159121
BR.QDE9.dk1l,-0.0028139245980542044,0.00052397130612514
BR.QDE9.dy,0.00010700052238210936,2.773575869245353e-06
BR.QDE9.tilt,-0.016468701875009636,0.0005819327691742268
BR.QFO101.dk1l,-0.0020827727811957163,0.00046122072129224206
BR.QFO101.dy,2.570140226166513e-07,3.2018353882351398e-06
BR.QFO101.tilt,-0.004259879960951077,0.0005725768555864622
BR.QFO102.dk1l,-0.0020827727811957163,0.00046122072129224206
BR.QFO102.dy,2.570140226166513e-07,3.2018353882351398e-06
BR.QFO102.tilt,-0.004259879960951077,0.0005725768555864622
BR.QFO11.dk1l,-0.002507898257853197,0.0006390031952486855
BR.QFO11.dy,-4.523889275541082e-05,3.305221476470975e-06
BR.QFO11.tilt,-0.009477171800586628,0.0005803750549274759
BR.QFO111.dk1l,-0.002083450377896463,0.0005660446161393835
BR.QFO111.dy,-9.242587136893638e-05,3.216518928288655e-06
BR.QFO111.tilt,0.004091576334083105,0.00057597500830545
BR.QFO112.dk1l,-0.002083450377896463,0.0005660446161393835
BR.QFO112.dy,-9.242587136893638e-05,3.216518928288655e-06
BR.QFO112.tilt,0.004091576334083105,0.00057597500830545
BR.QFO12.dk1l,-0.002507898257853197,0.0006390031952486855
BR.QFO12.dy,-4.523889275541082e-05,3.305221476470975e-06
BR.QFO12.tilt,-0.009477171800586628,0.0005803750549274759
BR.QFO121.dk1l,-0.0018435477651643668,0.0003907118185028388
BR.QFO121.dy,-2.835051774961777e-05,3.1667635358986125e-06
BR.QFO121.tilt,0.00046210668729912093,0.000561141978712804
BR.QFO122.dk1l,-0.0018435477651643668,0.0003907118185028388
BR.QFO122.dy,-2.835051774961777e-05,3.1667635358986125e-06
BR.QFO122.tilt,0.00046210668729912093,0.000561141978712804
BR.QFO131.dk1l,-0.002080507379602066,0.0005367324922179287
BR.QFO131.dy,-5.8014453451132746e-05,3.166282245717337e-06
BR.QFO131.tilt,0.002618575421114833,0.0005729094760434999
BR.QFO132.dk1l,-0.002080507379602066,0.0005367324922179287
BR.QFO132.dy,-5.8014453451132746e-05,3.166282245717337e-06
BR.QFO132.tilt,0.002618575421114833,0.0005729094760434999
BR.QFO141.dk1l,-0.00161334028694077,0.0003599236723642996
BR.QFO141.dy,-4.078397293205741e-06,3.171114783759418e-06
BR.QFO141.tilt,0.0016633385500442843,0.0005691320147250365
BR.QFO142.dk1l,-0.00161334028694077,0.0003599236723642996
BR.QFO142.dy,-4.078397293205741e-06,3.171114783759418e-06
BR.QFO142.tilt,0.0016633385500442843,0.0005691320147250365
BR.QFO151.dk1l,-0.002077876213799561,0.0005791616969379499
BR.QFO151.dy,-9.122077074796992e-05,3.3978265893891486e-06
BR.QFO151.tilt,-0.026948684188395525,0.0005743433108151081
BR.QFO152.dk1l,-0.002077876213799561,0.0005791616969379499
BR.QFO152.dy,-9.122077074796992e-05,3.3978265893891486e-06
BR.QFO152.tilt,-0.026948684188395525,0.0005743433108151081
BR.QFO161.dk1l,-0.0036040741601784513,0.0005705001072248621
BR.QFO161.dy,5.818671998711506e-05,3.2739945316052763e-06
BR.QFO161.tilt,-0.0067398195612254465,0.0005823614269714703
BR.QFO162.dk1l,-0.0036040741601784513,0.0005705001072248621
BR.QFO162.dy,5.818671998711506e-05,3.2739945316052763e-06
BR.QFO162.tilt,-0.0067398195612254465,0.0005823614269714703
BR.QFO21.dk1l,-0.0022474389595174586,0.0005600387446414042
BR.QFO21.dy,8.554701357607302e-05,3.2347217007455864e-06
BR.QFO21.tilt,-0.010931216216648481,0.0005829553102094671
BR.QFO22.dk1l,-0.0022474389595174586,0.0005600387446414042
BR.QFO22.dy,8.554701357607302e-05,3.2347217007455864e-06
BR.QFO22.tilt,-0.010931216216648481,0.0005829553102094671
BR.QFO31.dk1l,-0.0022560311198442547,0.00046028276335002323
BR.QFO31.dy,3.7387902420240645e-05,3.21070401292376e-06
BR.QFO31.tilt,0.004858964426019646,0.0005787544999485445
BR.QFO32.dk1l,-0.0022560311198442547,0.00046028276335002323
BR.QFO32.dy,3.7387902420240645e-05,3.21070401292376e-06
BR.QFO32.tilt,0.004858964426019646,0.0005787544999485445
BR.QFO41.dk1l,-0.0028200265309072338,0.000634430607953972
BR.QFO41.dy,-4.2875719971478356e-05,3.2528427877398993e-06
BR.QFO41.tilt,0.015880166911600026,0.000592013784152719
BR.QFO42.dk1l,-0.0028200265309072338,0.000634430607953972
BR.QFO42.dy,-4.2875719971478356e-05,3.2528427877398993e-06
BR.QFO42.tilt,0.015880166911600026,0.000592013784152719
BR.QFO51.dk1l,-0.002009184812809517,0.0006393147212068861
BR.QFO51.dy,-7.863137953269627e-05,3.189008212283954e-06
BR.QFO51.tilt,0.007458845141692734,0.000585788918339761
BR.QFO52.dk1l,-0.002009184812809517,0.0006393147212068861
BR.QFO52.dy,-7.863137953269627e-05,3.189008212283954e-06
BR.QFO52.tilt,0.007458845141692734,0.000585788918339761
BR.QFO61.dk1l,-0.0027078192608523738,0.0006349869893307144
BR.QFO61.dy,-1.3851078791250464e-05,3.1726396704171934e-06
BR.QFO61.tilt,-0.0005064646554279968,0.0005839367029198243
BR.QFO62.dk1l,-0.0027078192608523738,0.0006349869893307144
BR.QFO62.dy,-1.3851078791250464e-05,3.1726396704171934e-06
BR.QFO62.tilt,-0.0005064646554279968,0.0005839367029198243
BR.QFO71.dk1l,-0.002364561298866217,0.0005911597723245836
BR.QFO71.dy,-4.024396229457108e-05,3.198302142307143e-06
BR.QFO71.tilt,0.002222179698907459,0.0005806148832480551
BR.QFO72.dk1l,-0.002364561298866217,0.0005911597723245836
BR.QFO72.dy,-4.024396229457108e-05,3.198302142307143e-06
BR.QFO72.tilt,0.002222179698907459,0.0005806148832480551
BR.QFO81.dk1l,-0.0031283845486722744,0.000516339325914058
BR.QFO81.dy,3.1814059865740976e-05,3.2088776658369093e-06
BR.QFO81.tilt,0.0037266941603542056,0.0005747718188466162
BR.QFO82.dk1l,-0.0031283845486722744,0.000516339325914058
BR.QFO82.dy,3.1814059865740976e-05,3.2088776658369093e-06
BR.QFO82.tilt,0.0037266941603542056,0.0005747718188466162
BR.QFO91.dk1l,-0.00205493160005331,0.0005435402634989754
BR.QFO91.dy,-8.112191774797722e-05,3.321015905581481e-06
BR.QFO91.tilt,0.0183973593804228,0.0005765362766930442
BR.QFO92.dk1l,-0.00205493160005331,0.0005435402634989754
BR.QFO92.dy,-8.112191774797722e-05,3.321015905581481e-06
BR.QFO92.tilt,0.0183973593804228,0.0005765362766930442
